Owner,Rank,QB,Points,RB,Points,RB,Points,WR,Points,WR,Points,TE,Points,W/R,Points,K,Points,DEF,Points,"BN,Points","BN,Points","BN,Points","BN,Points","BN,Points","BN,Points","BN,Points",Total,Opponent,Opponent Total
ShamH,1,Patrick Mahomes QB - KC,34.90,Saquon Barkley RB - PHI,27.40,James Conner RB - ARI,11.50,Saquon Barkley RB - PHI,27.40,James Conner RB - ARI,11.50,Cooper Kupp WR - SEA,18.80,Mike Williams WR,1.00,Cooper Kupp WR - SEA,18.80,Mike Williams WR,1.00,Travis Kelce TE - KC,18.10,-,0.00,Matt Gay K - WAS,6.70,Indianapolis Colts DEF - IND,6.00,Brandin Cooks WR - NO,8.20,Kareem Hunt RB - KC,19.00,Gabe Davis WR - BUF,14.80,Darnell Mooney WR - ATL,0.80,Jaylen Waddle WR - MIA,13.70,Dameon Pierce RB - HOU,3.90,-,0.00,191.50,Juschka,143.78
Juschka,4,Josh Allen QB - BUF,31.48,Najee Harris RB - LAC,8.60,Josh Jacobs RB - GB,7.30,Najee Harris RB - LAC,8.60,Josh Jacobs RB - GB,7.30,Ja'Marr Chase WR - CIN,18.90,Mike Evans WR - TB,13.10,Ja'Marr Chase WR - CIN,18.90,Mike Evans WR - TB,13.10,Mike Gesicki TE - CIN,0.10,-,0.00,Matt Prater K - BUF,1.00,Los Angeles Rams DEF - LAR,9.00,Cordarrelle Patterson RB,19.60,Marquez Valdes-Scantling WR,4.10,Hollywood Brown WR - KC,10.30,Mecole Hardman WR,7.60,Diontae Johnson WR,5.50,Tony Pollard RB - TEN,2.20,-,0.00,143.78,ShamH,191.50
kesso,5,Joe Burrow QB - CIN,18.22,Jonathan Taylor RB - IND,23.50,Javonte Williams RB - DAL,8.80,Jonathan Taylor RB - IND,23.50,Javonte Williams RB - DAL,8.80,Keenan Allen WR - LAC,6.60,Michael Pittman WR - IND,18.10,Keenan Allen WR - LAC,6.60,Michael Pittman WR - IND,18.10,Darren Waller TE - MIA,7.90,-,0.00,Harrison Butker K - KC,9.40,Denver Broncos DEF - DEN,5.00,Melvin Gordon RB,5.20,Allen Lazard WR - NYJ,0.00,DeVonta Smith WR - PHI,0.00,Amon-Ra St. Brown WR - DET,12.40,Drake London WR - ATL,7.40,Aaron Rodgers QB - PIT,3.70,-,0.00,133.82,Jottage,110.90
Jottage,8,Russell Wilson QB - NYG,17.80,Christian McCaffrey RB - SF,11.70,Cam Akers RB - MIN,0.00,Christian McCaffrey RB - SF,11.70,Cam Akers RB - MIN,0.00,CeeDee Lamb WR - DAL,2.90,DJ Moore WR - CHI,5.00,CeeDee Lamb WR - DAL,2.90,DJ Moore WR - CHI,5.00,Pat Freiermuth TE - PIT,7.50,-,0.00,Evan McPherson K - CIN,8.90,Tampa Bay Buccaneers DEF - TB,13.00,Allen Robinson WR,1.20,Chris Godwin WR - TB,3.50,George Kittle TE - SF,0.00,Devin Singletary RB - NYG,6.20,Jerry Jeudy WR - CLE,16.20,Rhamondre Stevenson RB - NE,2.70,-,0.00,110.90,kesso,133.82
SimonFuhr237,2,Kyler Murray QB - ARI,20.62,Derrick Henry RB - BAL,8.20,D'Andre Swift RB - CHI,23.50,Derrick Henry RB - BAL,8.20,D'Andre Swift RB - CHI,23.50,Stefon Diggs WR - NE,18.20,Tee Higgins WR - CIN,2.70,Stefon Diggs WR - NE,18.20,Tee Higgins WR - CIN,2.70,Mark Andrews TE - BAL,5.20,-,0.00,Tyler Bass K - BUF,8.10,Buffalo Bills DEF - BUF,17.00,Tyler Lockett WR - TEN,2.80,JuJu Smith-Schuster WR - KC,5.90,Dallas Goedert TE - PHI,6.00,Courtland Sutton WR - DEN,7.20,Clyde Edwards-Helaire RB - KC,19.40,A.J. Dillon RB - PHI,15.10,-,0.00,164.02,lancemourdock,150.92
lancemourdock,3,Justin Herbert QB - LAC,23.26,Joe Mixon RB - HOU,14.50,Leonard Fournette RB,13.70,Joe Mixon RB - HOU,14.50,Leonard Fournette RB,13.70,Justin Jefferson WR - MIN,30.40,A.J. Brown WR - PHI,15.50,Justin Jefferson WR - MIN,30.40,A.J. Brown WR - PHI,15.50,T.J. Hockenson TE - MIN,3.80,-,0.00,Wil Lutz K - DEN,11.00,New Orleans Saints DEF - NO,4.00,DeAndre Hopkins WR - BAL,0.00,Dak Prescott QB - DAL,4.46,Damien Harris RB,5.80,Terry McLaurin WR - WAS,11.80,Hunter Renfrow WR - CAR,2.10,Breece Hall RB - NYJ,4.10,-,0.00,150.92,SimonFuhr237,164.02
LosSausages,6,Lamar Jackson QB - BAL,20.22,Austin Ekeler RB - WAS,7.20,Alvin Kamara RB - NO,4.60,Austin Ekeler RB - WAS,7.20,Alvin Kamara RB - NO,4.60,Davante Adams WR - LAR,20.10,Brandon Aiyuk WR - SF,4.70,Davante Adams WR - LAR,20.10,Brandon Aiyuk WR - SF,4.70,Dalton Schultz TE - HOU,6.20,-,0.00,Justin Tucker K,6.00,Baltimore Ravens DEF - BAL,11.00,Amari Cooper WR,1.70,Michael Thomas WR,17.70,Dawson Knox TE - BUF,0.50,Antonio Gibson RB - NE,13.00,Michael Carter RB - ARI,10.00,Green Bay Packers DEF - GB,1.00,-,0.00,128.82,theBIGLebronski,113.52
theBIGLebronski,7,Jalen Hurts QB - PHI,24.72,Dalvin Cook RB,10.80,Travis Etienne RB - JAX,6.50,Dalvin Cook RB,10.80,Travis Etienne RB - JAX,6.50,Tyreek Hill WR - MIA,10.00,Deebo Samuel WR - WAS,10.60,Tyreek Hill WR - MIA,10.00,Deebo Samuel WR - WAS,10.60,Kyle Pitts TE - ATL,1.90,-,0.00,Daniel Carlson K - LV,9.50,San Francisco 49ers DEF - SF,5.00,Robert Woods WR,1.30,Adam Thielen WR - MIN,3.60,DK Metcalf WR - PIT,1.60,J.K. Dobbins RB - DEN,0.00,Chase Claypool WR,5.40,Chris Olave WR - NO,6.10,-,0.00,113.52,LosSausages,128.82
ShamH,6,Patrick Mahomes QB - KC,17.30,Saquon Barkley RB - PHI,8.80,Rashaad Penny RB,1.50,Saquon Barkley RB - PHI,8.80,Rashaad Penny RB,1.50,Cooper Kupp WR - SEA,20.80,Mike Williams WR,17.30,Cooper Kupp WR - SEA,20.80,Mike Williams WR,17.30,Travis Kelce TE - KC,5.10,-,0.00,Cade York K,6.00,Cleveland Browns DEF - CLE,3.00,Brandin Cooks WR - NO,5.40,Kareem Hunt RB - KC,7.40,Gabe Davis WR - BUF,0.00,Darnell Mooney WR - ATL,-0.40,Jaylen Waddle WR - MIA,29.10,Dameon Pierce RB - HOU,7.70,-,0.00,134.10,theBIGLebronski,151.22
theBIGLebronski,3,Jalen Hurts QB - PHI,33.02,Dalvin Cook RB,3.60,James Robinson RB,13.80,Dalvin Cook RB,3.60,James Robinson RB,13.80,Tyreek Hill WR - MIA,31.00,Deebo Samuel WR - WAS,9.70,Tyreek Hill WR - MIA,31.00,Deebo Samuel WR - WAS,9.70,Kyle Pitts TE - ATL,1.90,-,0.00,Daniel Carlson K - LV,13.70,San Francisco 49ers DEF - SF,12.00,Robert Woods WR,3.90,Adam Thielen WR - MIN,5.20,DK Metcalf WR - PIT,3.50,J.K. Dobbins RB - DEN,0.00,Travis Etienne RB - JAX,5.30,Chris Olave WR - NO,6.00,-,0.00,151.22,ShamH,134.10
kesso,2,Joe Burrow QB - CIN,16.56,Jonathan Taylor RB - IND,6.30,Javonte Williams RB - DAL,8.50,Jonathan Taylor RB - IND,6.30,Javonte Williams RB - DAL,8.50,Amon-Ra St. Brown WR - DET,30.40,Drake London WR - ATL,16.60,Amon-Ra St. Brown WR - DET,30.40,Drake London WR - ATL,16.60,Darren Waller TE - MIA,11.00,-,0.00,Brandon McManus K - GB,12.00,Denver Broncos DEF - DEN,7.00,Keenan Allen WR - LAC,0.00,Melvin Gordon RB,5.30,Allen Lazard WR - NYJ,7.30,Michael Pittman WR - IND,0.00,DeVonta Smith WR - PHI,8.00,Aaron Rodgers QB - PIT,16.36,-,0.00,174.32,lancemourdock,104.46
lancemourdock,8,Justin Herbert QB - LAC,23.46,Joe Mixon RB - HOU,8.30,Leonard Fournette RB,7.40,Joe Mixon RB - HOU,8.30,Leonard Fournette RB,7.40,Justin Jefferson WR - MIN,4.80,A.J. Brown WR - PHI,6.90,Justin Jefferson WR - MIN,4.80,A.J. Brown WR - PHI,6.90,T.J. Hockenson TE - MIN,2.60,-,0.00,Wil Lutz K - DEN,4.10,New Orleans Saints DEF - NO,4.00,DeAndre Hopkins WR - BAL,0.00,Chase Edmonds RB - WAS,4.10,Damien Harris RB,14.70,Hunter Renfrow WR - CAR,3.90,Breece Hall RB - NYJ,12.00,-,0.00,-,0.00,104.46,kesso,174.32
SimonFuhr237,1,Kyler Murray QB - ARI,25.88,Derrick Henry RB - BAL,8.50,D'Andre Swift RB - CHI,14.70,Derrick Henry RB - BAL,8.50,D'Andre Swift RB - CHI,14.70,Stefon Diggs WR - NE,32.80,Courtland Sutton WR - DEN,12.70,Stefon Diggs WR - NE,32.80,Courtland Sutton WR - DEN,12.70,Mark Andrews TE - BAL,16.70,-,0.00,Tyler Bass K - BUF,13.60,Buffalo Bills DEF - BUF,20.00,Tyler Lockett WR - TEN,10.70,JuJu Smith-Schuster WR - KC,1.00,Dallas Goedert TE - PHI,8.20,Tee Higgins WR - CIN,13.10,A.J. Dillon RB - PHI,6.70,Elijah Mitchell RB - KC,0.00,-,0.00,196.38,Jottage,150.46
Jottage,4,Russell Wilson QB - NYG,11.06,Christian McCaffrey RB - SF,12.80,Nick Chubb RB - HOU,29.30,Christian McCaffrey RB - SF,12.80,Nick Chubb RB - HOU,29.30,CeeDee Lamb WR - DAL,8.10,DJ Moore WR - CHI,10.30,CeeDee Lamb WR - DAL,8.10,DJ Moore WR - CHI,10.30,Zach Ertz TE - WAS,7.50,-,0.00,Evan McPherson K - CIN,13.90,Tampa Bay Buccaneers DEF - TB,26.00,Allen Robinson WR,11.30,Chris Godwin WR - TB,0.00,George Kittle TE - SF,0.00,Darrell Henderson RB,10.70,Devin Singletary RB - NYG,2.10,Cam Akers RB - MIN,6.20,-,0.00,150.46,SimonFuhr237,196.38
LosSausages,5,Lamar Jackson QB - BAL,42.62,Austin Ekeler RB - WAS,9.40,Antonio Gibson RB - NE,10.10,Austin Ekeler RB - WAS,9.40,Antonio Gibson RB - NE,10.10,Davante Adams WR - LAR,7.20,Michael Thomas WR,12.50,Davante Adams WR - LAR,7.20,Michael Thomas WR,12.50,Dalton Schultz TE - HOU,-0.20,-,0.00,Justin Tucker K,10.10,Green Bay Packers DEF - GB,9.00,Amari Cooper WR,16.10,Alvin Kamara RB - NO,0.00,Dawson Knox TE - BUF,4.10,Brandon Aiyuk WR - SF,6.30,Michael Carter RB - ARI,5.00,Baltimore Ravens DEF - BAL,7.00,-,0.00,144.12,Juschka,115.28
Juschka,7,Josh Allen QB - BUF,29.68,Najee Harris RB - LAC,8.90,Josh Jacobs RB - GB,8.10,Najee Harris RB - LAC,8.90,Josh Jacobs RB - GB,8.10,Ja'Marr Chase WR - CIN,5.80,Mike Evans WR - TB,6.10,Ja'Marr Chase WR - CIN,5.80,Mike Evans WR - TB,6.10,Taysom Hill TE - NO,1.40,-,0.00,Matt Prater K - BUF,1.00,Los Angeles Rams DEF - LAR,9.00,Marquez Valdes-Scantling WR,1.30,Jeff Wilson RB - MIA,10.30,Hollywood Brown WR - KC,6.80,David Montgomery RB - DET,13.60,Diontae Johnson WR,7.70,Jaylen Warren RB - PIT,1.50,-,0.00,115.28,LosSausages,144.12
ShamH,4,Patrick Mahomes QB - KC,17.08,Dameon Pierce RB - HOU,16.10,James Conner RB - ARI,5.70,Dameon Pierce RB - HOU,16.10,James Conner RB - ARI,5.70,Cooper Kupp WR - SEA,12.40,Jaylen Waddle WR - MIA,11.10,Cooper Kupp WR - SEA,12.40,Jaylen Waddle WR - MIA,11.10,Travis Kelce TE - KC,13.90,-,0.00,Matt Gay K - WAS,9.00,Cleveland Browns DEF - CLE,10.00,Brandin Cooks WR - NO,2.20,Mike Williams WR,7.50,Kareem Hunt RB - KC,6.10,Rashaad Penny RB,6.90,Gabe Davis WR - BUF,3.70,Rashod Bateman WR - BAL,3.90,-,0.00,144.18,LosSausages,155.32
LosSausages,2,Lamar Jackson QB - BAL,39.42,Austin Ekeler RB - WAS,5.30,Ezekiel Elliott RB,13.50,Austin Ekeler RB - WAS,5.30,Ezekiel Elliott RB,13.50,Davante Adams WR - LAR,9.20,Amari Cooper WR,16.10,Davante Adams WR - LAR,9.20,Amari Cooper WR,16.10,Zach Ertz TE - WAS,4.50,-,0.00,Justin Tucker K,9.60,Baltimore Ravens DEF - BAL,11.00,Michael Thomas WR,4.90,Brandon Aiyuk WR - SF,9.90,Antonio Gibson RB - NE,10.00,Michael Carter RB - ARI,4.60,Jahan Dotson WR - PHI,1.00,Green Bay Packers DEF - GB,11.00,-,0.00,155.32,ShamH,144.18
kesso,3,Joe Burrow QB - CIN,23.00,Jonathan Taylor RB - IND,9.10,Javonte Williams RB - DAL,6.00,Jonathan Taylor RB - IND,9.10,Javonte Williams RB - DAL,6.00,Amon-Ra St. Brown WR - DET,7.30,Drake London WR - ATL,11.40,Amon-Ra St. Brown WR - DET,7.30,Drake London WR - ATL,11.40,Darren Waller TE - MIA,2.20,-,0.00,Brandon McManus K - GB,5.50,Denver Broncos DEF - DEN,16.00,Keenan Allen WR - LAC,0.00,Melvin Gordon RB,11.50,Allen Lazard WR - NYJ,10.50,Michael Pittman WR - IND,7.20,DeVonta Smith WR - PHI,22.90,Aaron Rodgers QB - PIT,16.10,-,0.00,151.40,SimonFuhr237,133.36
SimonFuhr237,6,Kyler Murray QB - ARI,13.36,Derrick Henry RB - BAL,20.30,D'Andre Swift RB - CHI,4.60,Derrick Henry RB - BAL,20.30,D'Andre Swift RB - CHI,4.60,Stefon Diggs WR - NE,7.40,Tee Higgins WR - CIN,9.30,Stefon Diggs WR - NE,7.40,Tee Higgins WR - CIN,9.30,Mark Andrews TE - BAL,20.90,-,0.00,Tyler Bass K - BUF,5.00,Buffalo Bills DEF - BUF,4.00,Tyler Lockett WR - TEN,7.60,JuJu Smith-Schuster WR - KC,8.90,Dallas Goedert TE - PHI,8.60,Courtland Sutton WR - DEN,9.70,A.J. Dillon RB - PHI,3.80,Elijah Mitchell RB - KC,0.00,-,0.00,133.36,kesso,151.40
theBIGLebronski,1,Jalen Hurts QB - PHI,27.60,Dalvin Cook RB,13.60,James Robinson RB,17.60,Dalvin Cook RB,13.60,James Robinson RB,17.60,Tyreek Hill WR - MIA,3.30,Deebo Samuel WR - WAS,7.90,Tyreek Hill WR - MIA,3.30,Deebo Samuel WR - WAS,7.90,Kyle Pitts TE - ATL,8.70,-,0.00,Daniel Carlson K - LV,10.70,San Francisco 49ers DEF - SF,8.00,Robert Woods WR,8.50,Adam Thielen WR - MIN,12.10,DK Metcalf WR - PIT,12.40,J.K. Dobbins RB - DEN,4.00,Travis Etienne RB - JAX,7.50,Chris Olave WR - NO,14.70,-,0.00,161.00,Juschka,134.90
Juschka,5,Josh Allen QB - BUF,26.70,Najee Harris RB - LAC,10.10,Josh Jacobs RB - GB,9.70,Najee Harris RB - LAC,10.10,Josh Jacobs RB - GB,9.70,Ja'Marr Chase WR - CIN,6.70,Hollywood Brown WR - KC,14.00,Ja'Marr Chase WR - CIN,6.70,Hollywood Brown WR - KC,14.00,Gerald Everett TE,2.50,-,0.00,Ryan Succop K,9.00,Los Angeles Rams DEF - LAR,6.00,Cordarrelle Patterson RB,21.30,Mike Evans WR - TB,0.00,Marquez Valdes-Scantling WR,4.80,Jeff Wilson RB - MIA,8.60,Diontae Johnson WR,8.40,Garrett Wilson WR - NYJ,6.00,-,0.00,134.90,theBIGLebronski,161.00
Jottage,7,Russell Wilson QB - NYG,9.06,Christian McCaffrey RB - SF,11.50,Nick Chubb RB - HOU,17.30,Christian McCaffrey RB - SF,11.50,Nick Chubb RB - HOU,17.30,Christian Kirk WR - HOU,13.20,CeeDee Lamb WR - DAL,14.70,Christian Kirk WR - HOU,13.20,CeeDee Lamb WR - DAL,14.70,George Kittle TE - SF,2.80,-,0.00,Evan McPherson K - CIN,10.30,Tampa Bay Buccaneers DEF - TB,6.00,Allen Robinson WR,2.30,Chris Godwin WR - TB,0.00,DJ Moore WR - CHI,1.50,Darrell Henderson RB,1.70,Devin Singletary RB - NYG,15.10,Jerry Jeudy WR - CLE,1.70,-,0.00,117.26,lancemourdock,115.78
lancemourdock,8,Justin Herbert QB - LAC,12.58,Joe Mixon RB - HOU,3.80,Leonard Fournette RB,7.00,Joe Mixon RB - HOU,3.80,Leonard Fournette RB,7.00,Justin Jefferson WR - MIN,1.40,A.J. Brown WR - PHI,14.50,Justin Jefferson WR - MIN,1.40,A.J. Brown WR - PHI,14.50,T.J. Hockenson TE - MIN,7.80,-,0.00,Wil Lutz K - DEN,2.00,Philadelphia Eagles DEF - PHI,18.00,DeAndre Hopkins WR - BAL,0.00,Chase Edmonds RB - WAS,14.70,Damien Harris RB,10.60,Hunter Renfrow WR - CAR,0.00,Breece Hall RB - NYJ,9.20,New Orleans Saints DEF - NO,4.00,-,0.00,115.78,Jottage,117.26
ShamH,2,Patrick Mahomes QB - KC,23.36,Saquon Barkley RB - PHI,16.20,James Conner RB - ARI,7.70,Saquon Barkley RB - PHI,16.20,James Conner RB - ARI,7.70,Cooper Kupp WR - SEA,12.20,Jaylen Waddle WR - MIA,3.90,Cooper Kupp WR - SEA,12.20,Jaylen Waddle WR - MIA,3.90,Travis Kelce TE - KC,15.20,-,0.00,Matt Gay K - WAS,9.90,Dallas Cowboys DEF - DAL,10.00,Mike Williams WR,12.00,Kareem Hunt RB - KC,6.80,Rashaad Penny RB,27.70,Tony Pollard RB - TEN,0.80,Gabe Davis WR - BUF,1.30,Rashod Bateman WR - BAL,1.70,-,0.00,168.66,SimonFuhr237,149.28
SimonFuhr237,6,Kyler Murray QB - ARI,22.88,Derrick Henry RB - BAL,20.70,A.J. Dillon RB - PHI,8.40,Derrick Henry RB - BAL,20.70,A.J. Dillon RB - PHI,8.40,Stefon Diggs WR - NE,6.20,Tee Higgins WR - CIN,18.40,Stefon Diggs WR - NE,6.20,Tee Higgins WR - CIN,18.40,Mark Andrews TE - BAL,1.50,-,0.00,Tyler Bass K - BUF,12.70,Buffalo Bills DEF - BUF,7.00,Tyler Lockett WR - TEN,7.10,JuJu Smith-Schuster WR - KC,4.60,Dallas Goedert TE - PHI,7.20,Courtland Sutton WR - DEN,11.20,D'Andre Swift RB - CHI,0.00,Elijah Mitchell RB - KC,0.00,-,0.00,149.28,ShamH,168.66
kesso,8,Joe Burrow QB - CIN,20.08,Jonathan Taylor RB - IND,2.30,Javonte Williams RB - DAL,2.70,Jonathan Taylor RB - IND,2.30,Javonte Williams RB - DAL,2.70,Michael Pittman WR - IND,3.10,Drake London WR - ATL,1.70,Michael Pittman WR - IND,3.10,Drake London WR - ATL,1.70,Darren Waller TE - MIA,2.40,-,0.00,Brandon McManus K - GB,5.00,Denver Broncos DEF - DEN,2.00,Keenan Allen WR - LAC,0.00,Melvin Gordon RB,-1.20,Allen Lazard WR - NYJ,11.60,DeVonta Smith WR - PHI,1.70,Amon-Ra St. Brown WR - DET,0.00,Aaron Rodgers QB - PIT,16.14,-,0.00,79.02,LosSausages,147.46
LosSausages,7,Lamar Jackson QB - BAL,13.06,Austin Ekeler RB - WAS,28.90,Ezekiel Elliott RB,8.10,Austin Ekeler RB - WAS,28.90,Ezekiel Elliott RB,8.10,Davante Adams WR - LAR,10.50,Amari Cooper WR,0.90,Davante Adams WR - LAR,10.50,Amari Cooper WR,0.90,Zach Ertz TE - WAS,10.70,-,0.00,Justin Tucker K,11.30,Green Bay Packers DEF - GB,7.00,Michael Thomas WR,0.00,Alvin Kamara RB - NO,0.00,T.J. Hockenson TE - MIN,31.90,Brandon Aiyuk WR - SF,3.70,Antonio Gibson RB - NE,6.30,Baltimore Ravens DEF - BAL,5.00,-,0.00,147.46,kesso,79.02
theBIGLebronski,1,Jalen Hurts QB - PHI,15.96,James Robinson RB,2.90,Miles Sanders RB - DAL,27.60,James Robinson RB,2.90,Miles Sanders RB - DAL,27.60,Tyreek Hill WR - MIA,15.90,Deebo Samuel WR - WAS,17.70,Tyreek Hill WR - MIA,15.90,Deebo Samuel WR - WAS,17.70,Kyle Pitts TE - ATL,2.50,-,0.00,Daniel Carlson K - LV,14.90,Los Angeles Chargers DEF - LAC,8.00,Robert Woods WR,9.00,Adam Thielen WR - MIN,7.20,DK Metcalf WR - PIT,14.90,J.K. Dobbins RB - DEN,18.30,Travis Etienne RB - JAX,3.20,Chris Olave WR - NO,12.70,-,0.00,179.36,Jottage,156.78
Jottage,4,Russell Wilson QB - NYG,26.48,Jamaal Williams RB,22.90,Nick Chubb RB - HOU,18.70,Jamaal Williams RB,22.90,Nick Chubb RB - HOU,18.70,Christian Kirk WR - HOU,6.30,CeeDee Lamb WR - DAL,15.70,Christian Kirk WR - HOU,6.30,CeeDee Lamb WR - DAL,15.70,George Kittle TE - SF,2.40,-,0.00,Evan McPherson K - CIN,11.70,Pittsburgh Steelers DEF - PIT,5.00,Chris Godwin WR - TB,5.90,DJ Moore WR - CHI,6.10,Devin Singletary RB - NYG,7.60,Cam Akers RB - MIN,1.30,Rhamondre Stevenson RB - NE,8.90,Tampa Bay Buccaneers DEF - TB,1.00,-,0.00,156.78,theBIGLebronski,179.36
Juschka,3,Josh Allen QB - BUF,23.52,Najee Harris RB - LAC,7.40,Cordarrelle Patterson RB,9.80,Najee Harris RB - LAC,7.40,Cordarrelle Patterson RB,9.80,Ja'Marr Chase WR - CIN,8.10,Mike Evans WR - TB,22.30,Ja'Marr Chase WR - CIN,8.10,Mike Evans WR - TB,22.30,Tyler Conklin TE - LAC,5.20,-,0.00,Ryan Succop K,8.50,Los Angeles Rams DEF - LAR,1.00,Jeff Wilson RB - MIA,13.40,Hollywood Brown WR - KC,14.80,David Montgomery RB - DET,0.00,Diontae Johnson WR,2.20,Romeo Doubs WR - GB,8.70,Garrett Wilson WR - NYJ,4.10,-,0.00,158.52,lancemourdock,153.20
lancemourdock,5,Justin Herbert QB - LAC,21.10,Joe Mixon RB - HOU,13.40,Leonard Fournette RB,11.40,Joe Mixon RB - HOU,13.40,Leonard Fournette RB,11.40,Justin Jefferson WR - MIN,21.00,A.J. Brown WR - PHI,9.50,Justin Jefferson WR - MIN,21.00,A.J. Brown WR - PHI,9.50,Gerald Everett TE,12.10,-,0.00,Wil Lutz K - DEN,8.00,Philadelphia Eagles DEF - PHI,15.00,DeAndre Hopkins WR - BAL,0.00,Chase Edmonds RB - WAS,8.00,Damien Harris RB,14.40,Hunter Renfrow WR - CAR,0.00,Breece Hall RB - NYJ,13.80,New Orleans Saints DEF - NO,4.00,-,0.00,153.20,Juschka,158.52
ShamH,1,Patrick Mahomes QB - KC,30.48,Saquon Barkley RB - PHI,16.60,Dameon Pierce RB - HOU,17.30,Saquon Barkley RB - PHI,16.60,Dameon Pierce RB - HOU,17.30,Cooper Kupp WR - SEA,18.90,Mike Williams WR,13.40,Cooper Kupp WR - SEA,18.90,Mike Williams WR,13.40,Travis Kelce TE - KC,26.50,-,0.00,Greg Joseph K,3.00,San Francisco 49ers DEF - SF,15.00,Brandin Cooks WR - NO,2.00,Kareem Hunt RB - KC,11.70,Rashaad Penny RB,5.40,Tony Pollard RB - TEN,14.60,Jerry Jeudy WR - CLE,5.30,Gabe Davis WR - BUF,29.10,Jaylen Waddle WR - MIA,2.30,217.88,lancemourdock,121.54
lancemourdock,7,Justin Herbert QB - LAC,14.42,Joe Mixon RB - HOU,8.80,Leonard Fournette RB,25.90,Joe Mixon RB - HOU,8.80,Leonard Fournette RB,25.90,Justin Jefferson WR - MIN,18.32,A.J. Brown WR - PHI,3.20,Justin Jefferson WR - MIN,18.32,A.J. Brown WR - PHI,3.20,Gerald Everett TE,0.20,-,0.00,Wil Lutz K - DEN,9.60,Philadelphia Eagles DEF - PHI,4.00,DeAndre Hopkins WR - BAL,0.00,Latavius Murray RB,0.00,Chase Edmonds RB - WAS,0.10,Terry McLaurin WR - WAS,7.60,Hunter Renfrow WR - CAR,2.50,Breece Hall RB - NYJ,25.70,-,0.00,121.54,ShamH,217.88
kesso,8,Joe Burrow QB - CIN,17.28,Melvin Gordon RB,10.30,Aaron Jones RB - MIN,8.00,Melvin Gordon RB,10.30,Aaron Jones RB - MIN,8.00,Michael Pittman WR - IND,5.90,Drake London WR - ATL,3.50,Michael Pittman WR - IND,5.90,Drake London WR - ATL,3.50,Darren Waller TE - MIA,0.00,-,0.00,Brandon McManus K - GB,12.20,Denver Broncos DEF - DEN,14.00,Keenan Allen WR - LAC,0.00,Allen Lazard WR - NYJ,9.50,Jonathan Taylor RB - IND,0.00,DeVonta Smith WR - PHI,8.70,Brian Robinson RB - SF,2.20,Aaron Rodgers QB - PIT,16.88,-,0.00,110.26,theBIGLebronski,145.56
theBIGLebronski,5,Jalen Hurts QB - PHI,27.66,James Robinson RB,3.90,Miles Sanders RB - DAL,6.40,James Robinson RB,3.90,Miles Sanders RB - DAL,6.40,Tyreek Hill WR - MIA,6.00,Deebo Samuel WR - WAS,9.20,Tyreek Hill WR - MIA,6.00,Deebo Samuel WR - WAS,9.20,Tyler Higbee TE - LAR,4.60,-,0.00,Daniel Carlson K - LV,17.00,Minnesota Vikings DEF - MIN,4.00,Adam Thielen WR - MIN,2.70,DK Metcalf WR - PIT,12.80,J.K. Dobbins RB - DEN,4.40,Travis Etienne RB - JAX,11.40,Kyle Pitts TE - ATL,0.00,Chris Olave WR - NO,11.40,-,0.00,145.56,kesso,110.26
SimonFuhr237,4,Kyler Murray QB - ARI,16.20,Derrick Henry RB - BAL,25.20,Clyde Edwards-Helaire RB - KC,3.50,Derrick Henry RB - BAL,25.20,Clyde Edwards-Helaire RB - KC,3.50,Stefon Diggs WR - NE,16.20,Tee Higgins WR - CIN,0.00,Stefon Diggs WR - NE,16.20,Tee Higgins WR - CIN,0.00,Mark Andrews TE - BAL,14.90,-,0.00,Tyler Bass K - BUF,8.50,Buffalo Bills DEF - BUF,14.00,Tyler Lockett WR - TEN,22.40,JuJu Smith-Schuster WR - KC,3.30,Dallas Goedert TE - PHI,9.50,Courtland Sutton WR - DEN,7.40,Nyheim Hines RB - LAC,0.80,Alexander Mattison RB - MIA,4.00,D'Andre Swift RB - CHI,0.00,149.30,Juschka,157.86
Juschka,2,Josh Allen QB - BUF,35.16,Najee Harris RB - LAC,3.60,Jeff Wilson RB - MIA,19.20,Najee Harris RB - LAC,3.60,Jeff Wilson RB - MIA,19.20,Ja'Marr Chase WR - CIN,5.00,Mike Evans WR - TB,8.10,Ja'Marr Chase WR - CIN,5.00,Mike Evans WR - TB,8.10,Tyler Conklin TE - LAC,0.00,-,0.00,Ryan Succop K,8.40,Jacksonville Jaguars DEF - JAX,5.00,Cordarrelle Patterson RB,0.00,Mike Boone RB,8.50,Hollywood Brown WR - KC,13.80,David Montgomery RB - DET,14.20,Diontae Johnson WR,6.00,Romeo Doubs WR - GB,2.90,Garrett Wilson WR - NYJ,2.70,157.86,SimonFuhr237,149.30
LosSausages,3,Lamar Jackson QB - BAL,14.76,Austin Ekeler RB - WAS,31.90,Alvin Kamara RB - NO,17.40,Austin Ekeler RB - WAS,31.90,Alvin Kamara RB - NO,17.40,Davante Adams WR - LAR,24.40,Amari Cooper WR,13.60,Davante Adams WR - LAR,24.40,Amari Cooper WR,13.60,Zach Ertz TE - WAS,4.80,-,0.00,Justin Tucker K,17.80,Green Bay Packers DEF - GB,3.00,Ezekiel Elliott RB,7.80,Michael Thomas WR,0.00,T.J. Hockenson TE - MIN,0.60,Antonio Gibson RB - NE,3.90,Tyler Allgeier RB - ATL,4.50,Baltimore Ravens DEF - BAL,6.00,-,0.00,151.56,Jottage,144.84
Jottage,6,Tom Brady QB,19.74,Jamaal Williams RB,5.60,Nick Chubb RB - HOU,25.40,Jamaal Williams RB,5.60,Nick Chubb RB - HOU,25.40,Christian Kirk WR - HOU,1.10,CeeDee Lamb WR - DAL,5.30,Christian Kirk WR - HOU,1.10,CeeDee Lamb WR - DAL,5.30,George Kittle TE - SF,2.70,-,0.00,Evan McPherson K - CIN,6.00,Tampa Bay Buccaneers DEF - TB,6.00,Raheem Mostert RB - LV,18.20,Chris Godwin WR - TB,6.30,DJ Moore WR - CHI,6.70,Devin Singletary RB - NYG,4.60,Cam Akers RB - MIN,3.30,Rhamondre Stevenson RB - NE,17.50,-,0.00,144.84,LosSausages,151.56
ShamH,8,Patrick Mahomes QB - KC,19.62,Joe Mixon RB - HOU,12.80,Saquon Barkley RB - PHI,15.50,Joe Mixon RB - HOU,12.80,Saquon Barkley RB - PHI,15.50,Cooper Kupp WR - SEA,9.70,Mike Williams WR,1.70,Cooper Kupp WR - SEA,9.70,Mike Williams WR,1.70,Travis Kelce TE - KC,11.20,-,0.00,Matt Gay K - WAS,6.00,San Francisco 49ers DEF - SF,2.00,Brandin Cooks WR - NO,0.00,James Conner RB - ARI,0.00,Tony Pollard RB - TEN,5.20,Gabe Davis WR - BUF,13.40,Dameon Pierce RB - HOU,0.00,Rachaad White RB - TB,2.30,-,0.00,105.92,Jottage,130.22
Jottage,1,Tom Brady QB,13.72,Rhamondre Stevenson RB - NE,21.10,Nick Chubb RB - HOU,7.00,Rhamondre Stevenson RB - NE,21.10,Nick Chubb RB - HOU,7.00,A.J. Brown WR - PHI,12.70,CeeDee Lamb WR - DAL,7.70,A.J. Brown WR - PHI,12.70,CeeDee Lamb WR - DAL,7.70,George Kittle TE - SF,8.30,-,0.00,Evan McPherson K - CIN,8.20,Tampa Bay Buccaneers DEF - TB,3.00,Chris Godwin WR - TB,9.50,Curtis Samuel WR - BUF,0.60,Jamaal Williams RB,0.00,DJ Moore WR - CHI,0.70,Darrell Henderson RB,11.20,Devin Singletary RB - NYG,10.70,Cam Akers RB - MIN,0.00,130.22,ShamH,105.92
kesso,6,Joe Burrow QB - CIN,32.50,Brian Robinson RB - SF,12.00,Aaron Jones RB - MIN,4.40,Brian Robinson RB - SF,12.00,Aaron Jones RB - MIN,4.40,Michael Pittman WR - IND,13.40,DeVonta Smith WR - PHI,10.40,Michael Pittman WR - IND,13.40,DeVonta Smith WR - PHI,10.40,Tyler Higbee TE - LAR,0.70,-,0.00,Brandon McManus K - GB,13.90,Denver Broncos DEF - DEN,5.00,Keenan Allen WR - LAC,0.00,Darren Waller TE - MIA,0.00,Allen Lazard WR - NYJ,13.60,Jonathan Taylor RB - IND,0.00,Amon-Ra St. Brown WR - DET,0.00,Drake London WR - ATL,4.00,-,0.00,110.70,Juschka,116.24
Juschka,4,Josh Allen QB - BUF,26.36,David Montgomery RB - DET,8.00,Jeff Wilson RB - MIA,0.50,David Montgomery RB - DET,8.00,Jeff Wilson RB - MIA,0.50,Ja'Marr Chase WR - CIN,25.20,Mike Evans WR - TB,4.20,Ja'Marr Chase WR - CIN,25.20,Mike Evans WR - TB,4.20,Hayden Hurst TE,2.10,-,0.00,Ryan Succop K,14.40,Jacksonville Jaguars DEF - JAX,-1.00,Geno Smith QB - LV,12.68,Cordarrelle Patterson RB,0.00,Mike Boone RB,0.40,Josh Jacobs RB - GB,0.00,Diontae Johnson WR,3.60,Najee Harris RB - LAC,10.90,Romeo Doubs WR - GB,2.10,116.24,kesso,110.70
SimonFuhr237,5,Kyler Murray QB - ARI,14.88,Kenneth Walker RB - SEA,17.00,Clyde Edwards-Helaire RB - KC,3.30,Kenneth Walker RB - SEA,17.00,Clyde Edwards-Helaire RB - KC,3.30,Stefon Diggs WR - NE,20.80,Courtland Sutton WR - DEN,1.40,Stefon Diggs WR - NE,20.80,Courtland Sutton WR - DEN,1.40,Mark Andrews TE - BAL,16.60,-,0.00,Tyler Bass K - BUF,6.90,Los Angeles Rams DEF - LAR,11.00,Tyler Lockett WR - TEN,1.70,Derrick Henry RB - BAL,0.00,Dallas Goedert TE - PHI,2.20,Daniel Carlson K - LV,0.00,D'Andre Swift RB - CHI,0.00,Tee Higgins WR - CIN,4.70,Elijah Mitchell RB - KC,0.00,113.68,theBIGLebronski,118.20
theBIGLebronski,3,Jalen Hurts QB - PHI,16.90,Dalvin Cook RB,14.30,Miles Sanders RB - DAL,13.20,Dalvin Cook RB,14.30,Miles Sanders RB - DAL,13.20,Tyreek Hill WR - MIA,17.70,Deebo Samuel WR - WAS,9.00,Tyreek Hill WR - MIA,17.70,Deebo Samuel WR - WAS,9.00,Kyle Pitts TE - ATL,7.90,-,0.00,Graham Gano K - NYG,6.40,Cleveland Browns DEF - CLE,0.00,Adam Thielen WR - MIN,11.60,J.K. Dobbins RB - DEN,1.50,James Robinson RB,5.50,Travis Etienne RB - JAX,10.80,Chris Olave WR - NO,0.00,-,0.00,-,0.00,118.20,SimonFuhr237,113.68
LosSausages,2,Lamar Jackson QB - BAL,16.10,Austin Ekeler RB - WAS,14.30,Alvin Kamara RB - NO,12.40,Austin Ekeler RB - WAS,14.30,Alvin Kamara RB - NO,12.40,Brandon Aiyuk WR - SF,20.30,Amari Cooper WR,10.40,Brandon Aiyuk WR - SF,20.30,Amari Cooper WR,10.40,Zach Ertz TE - WAS,7.00,-,0.00,Justin Tucker K,8.40,Green Bay Packers DEF - GB,2.00,Davante Adams WR - LAR,0.00,Michael Thomas WR,0.00,Taysom Hill TE - NO,4.54,Antonio Gibson RB - NE,5.30,Tyler Allgeier RB - ATL,5.10,Baltimore Ravens DEF - BAL,6.00,-,0.00,126.44,lancemourdock,110.52
lancemourdock,7,Justin Herbert QB - LAC,8.42,Raheem Mostert RB - LV,4.80,Leonard Fournette RB,16.10,Raheem Mostert RB - LV,4.80,Leonard Fournette RB,16.10,Justin Jefferson WR - MIN,10.70,Jaylen Waddle WR - MIA,10.90,Justin Jefferson WR - MIN,10.70,Jaylen Waddle WR - MIA,10.90,Gerald Everett TE,2.90,-,0.00,Wil Lutz K - DEN,15.30,Philadelphia Eagles DEF - PHI,7.00,DeAndre Hopkins WR - BAL,0.00,Kareem Hunt RB - KC,1.20,Christian Kirk WR - HOU,6.80,Chase Edmonds RB - WAS,3.10,Damien Harris RB,0.00,Terry McLaurin WR - WAS,5.20,-,0.00,110.52,LosSausages,126.44
ShamH,2,Patrick Mahomes QB - KC,26.92,Joe Mixon RB - HOU,15.10,Saquon Barkley RB - PHI,13.50,Joe Mixon RB - HOU,15.10,Saquon Barkley RB - PHI,13.50,Brandin Cooks WR - NO,4.60,Mike Williams WR,14.60,Brandin Cooks WR - NO,4.60,Mike Williams WR,14.60,Travis Kelce TE - KC,9.80,-,0.00,Harrison Butker K - KC,6.00,Dallas Cowboys DEF - DAL,22.00,Cooper Kupp WR - SEA,0.00,D'Onta Foreman RB,14.50,James Conner RB - ARI,0.00,Tony Pollard RB - TEN,10.90,Gabe Davis WR - BUF,0.00,Eno Benjamin RB,19.30,Isiah Pacheco RB - KC,4.30,173.22,kesso,102.84
kesso,6,Joe Burrow QB - CIN,39.24,Brian Robinson RB - SF,8.60,Jonathan Taylor RB - IND,8.50,Brian Robinson RB - SF,8.60,Jonathan Taylor RB - IND,8.50,Amon-Ra St. Brown WR - DET,0.40,Michael Pittman WR - IND,3.80,Amon-Ra St. Brown WR - DET,0.40,Michael Pittman WR - IND,3.80,Gerald Everett TE,6.30,-,0.00,Brandon McManus K - GB,4.40,Denver Broncos DEF - DEN,4.00,Keenan Allen WR - LAC,1.10,Darren Waller TE - MIA,0.00,Kenyan Drake RB,0.50,Allen Lazard WR - NYJ,5.50,DeVonta Smith WR - PHI,0.00,Drake London WR - ATL,0.90,-,0.00,102.84,ShamH,173.22
SimonFuhr237,5,Kyler Murray QB - ARI,17.16,Derrick Henry RB - BAL,13.80,Kenneth Walker RB - SEA,28.70,Derrick Henry RB - BAL,13.80,Kenneth Walker RB - SEA,28.70,Tee Higgins WR - CIN,9.30,Tyler Lockett WR - TEN,4.50,Tee Higgins WR - CIN,9.30,Tyler Lockett WR - TEN,4.50,Mark Andrews TE - BAL,0.40,-,0.00,Daniel Carlson K - LV,10.00,Las Vegas Raiders DEF - LV,10.00,Stefon Diggs WR - NE,0.00,Dallas Goedert TE - PHI,0.00,Courtland Sutton WR - DEN,2.30,D'Andre Swift RB - CHI,0.00,A.J. Dillon RB - PHI,1.50,Elijah Mitchell RB - KC,0.00,Buffalo Bills DEF - BUF,0.00,106.86,LosSausages,173.76
LosSausages,1,Lamar Jackson QB - BAL,10.70,Ezekiel Elliott RB,17.70,Alvin Kamara RB - NO,10.50,Ezekiel Elliott RB,17.70,Alvin Kamara RB - NO,10.50,Brandon Aiyuk WR - SF,8.20,Davante Adams WR - LAR,9.50,Brandon Aiyuk WR - SF,8.20,Davante Adams WR - LAR,9.50,Zach Ertz TE - WAS,4.10,-,0.00,Justin Tucker K,14.10,Green Bay Packers DEF - GB,9.00,Amari Cooper WR,7.40,Michael Thomas WR,0.00,JuJu Smith-Schuster WR - KC,18.40,Antonio Gibson RB - NE,13.70,Aaron Rodgers QB - PIT,15.76,Baltimore Ravens DEF - BAL,10.00,-,0.00,173.76,SimonFuhr237,106.86
theBIGLebronski,8,Dak Prescott QB - DAL,12.28,Travis Etienne RB - JAX,17.90,Tyler Allgeier RB - ATL,11.00,Travis Etienne RB - JAX,17.90,Tyler Allgeier RB - ATL,11.00,Tyreek Hill WR - MIA,7.20,Deebo Samuel WR - WAS,4.40,Tyreek Hill WR - MIA,7.20,Deebo Samuel WR - WAS,4.40,Kyle Pitts TE - ATL,0.90,-,0.00,Brett Maher K,6.00,Miami Dolphins DEF - MIA,12.00,Adam Thielen WR - MIN,0.00,Dalvin Cook RB,0.00,Miles Sanders RB - DAL,0.00,J.K. Dobbins RB - DEN,0.00,Jalen Hurts QB - PHI,0.00,James Robinson RB,0.00,Chris Olave WR - NO,10.60,83.48,lancemourdock,123.72
lancemourdock,4,Justin Herbert QB - LAC,17.12,Raheem Mostert RB - LV,16.90,Leonard Fournette RB,2.60,Raheem Mostert RB - LV,16.90,Leonard Fournette RB,2.60,DeAndre Hopkins WR - BAL,10.30,Jaylen Waddle WR - MIA,8.80,DeAndre Hopkins WR - BAL,10.30,Jaylen Waddle WR - MIA,8.80,David Njoku TE - CLE,7.10,-,0.00,Wil Lutz K - DEN,11.50,New England Patriots DEF - NE,5.00,Kareem Hunt RB - KC,6.80,Christian Kirk WR - HOU,10.10,Damien Harris RB,1.00,Terry McLaurin WR - WAS,13.30,Justin Jefferson WR - MIN,0.00,Philadelphia Eagles DEF - PHI,0.00,-,0.00,123.72,theBIGLebronski,83.48
Jottage,7,Tom Brady QB,11.70,Christian McCaffrey RB - SF,6.20,Nick Chubb RB - HOU,16.70,Christian McCaffrey RB - SF,6.20,Nick Chubb RB - HOU,16.70,Chris Godwin WR - TB,4.50,CeeDee Lamb WR - DAL,6.60,Chris Godwin WR - TB,4.50,CeeDee Lamb WR - DAL,6.60,George Kittle TE - SF,15.80,-,0.00,Evan McPherson K - CIN,5.00,Tampa Bay Buccaneers DEF - TB,1.00,Jamaal Williams RB,6.30,DJ Moore WR - CHI,12.60,A.J. Brown WR - PHI,0.00,Darrell Henderson RB,0.00,Devin Singletary RB - NYG,0.00,Cam Akers RB - MIN,0.00,-,0.00,102.20,Juschka,133.40
Juschka,3,Geno Smith QB - LV,13.10,Josh Jacobs RB - GB,33.50,Najee Harris RB - LAC,8.00,Josh Jacobs RB - GB,33.50,Najee Harris RB - LAC,8.00,Ja'Marr Chase WR - CIN,25.00,Mike Evans WR - TB,9.60,Ja'Marr Chase WR - CIN,25.00,Mike Evans WR - TB,9.60,Hayden Hurst TE,4.80,-,0.00,Ryan Succop K,3.00,New York Jets DEF - NYJ,7.00,Cordarrelle Patterson RB,0.00,Josh Allen QB - BUF,0.00,Mike Boone RB,2.30,Jeff Wilson RB - MIA,5.40,Diontae Johnson WR,4.50,Romeo Doubs WR - GB,0.00,Wan'Dale Robinson WR - NYG,5.00,133.40,Jottage,102.20
ShamH,3,Daniel Jones QB - IND,9.04,Dameon Pierce RB - HOU,11.10,Saquon Barkley RB - PHI,12.20,Dameon Pierce RB - HOU,11.10,Saquon Barkley RB - PHI,12.20,Cooper Kupp WR - SEA,14.90,Gabe Davis WR - BUF,3.50,Cooper Kupp WR - SEA,14.90,Gabe Davis WR - BUF,3.50,Taysom Hill TE - NO,7.28,-,0.00,Tyler Bass K - BUF,11.00,Dallas Cowboys DEF - DAL,11.00,Travis Kelce TE - KC,0.00,Patrick Mahomes QB - KC,0.00,Mike Williams WR,0.00,D'Onta Foreman RB,31.80,James Conner RB - ARI,0.00,Tony Pollard RB - TEN,32.70,-,0.00,150.42,Juschka,96.08
Juschka,7,Josh Allen QB - BUF,17.62,Josh Jacobs RB - GB,5.40,Najee Harris RB - LAC,5.96,Josh Jacobs RB - GB,5.40,Najee Harris RB - LAC,5.96,Wan'Dale Robinson WR - NYG,1.50,Mike Evans WR - TB,12.30,Wan'Dale Robinson WR - NYG,1.50,Mike Evans WR - TB,12.30,Hayden Hurst TE,4.20,-,0.00,Ryan Succop K,10.10,New York Jets DEF - NYJ,8.00,Marquise Goodwin WR,3.30,Cordarrelle Patterson RB,0.00,Gus Edwards RB,6.50,Diontae Johnson WR,3.50,Ja'Marr Chase WR - CIN,0.00,Romeo Doubs WR - GB,12.20,-,0.00,96.08,ShamH,150.42
kesso,8,Joe Burrow QB - CIN,13.48,Brian Robinson RB - SF,2.00,Jonathan Taylor RB - IND,5.60,Brian Robinson RB - SF,2.00,Jonathan Taylor RB - IND,5.60,Amon-Ra St. Brown WR - DET,6.90,Michael Pittman WR - IND,5.30,Amon-Ra St. Brown WR - DET,6.90,Michael Pittman WR - IND,5.30,Darren Waller TE - MIA,0.00,-,0.00,Brandon McManus K - GB,3.00,Denver Broncos DEF - DEN,7.00,Keenan Allen WR - LAC,0.00,Kenyan Drake RB,12.70,Gerald Everett TE,0.00,Allen Lazard WR - NYJ,0.00,DeVonta Smith WR - PHI,2.30,Drake London WR - ATL,3.10,-,0.00,77.08,Jottage,237.94
Jottage,1,Tua Tagovailoa QB - MIA,29.18,Rhamondre Stevenson RB - NE,14.30,Christian McCaffrey RB - SF,32.26,Rhamondre Stevenson RB - NE,14.30,Christian McCaffrey RB - SF,32.26,A.J. Brown WR - PHI,33.60,CeeDee Lamb WR - DAL,13.80,A.J. Brown WR - PHI,33.60,CeeDee Lamb WR - DAL,13.80,George Kittle TE - SF,9.90,-,0.00,Jason Myers K - SEA,11.60,New England Patriots DEF - NE,9.00,Chris Godwin WR - TB,7.50,Jamaal Williams RB,19.60,DJ Moore WR - CHI,21.50,Darrell Henderson RB,3.00,Devin Singletary RB - NYG,8.30,Kadarius Toney WR,0.00,-,0.00,237.94,kesso,77.08
SimonFuhr237,5,Kyler Murray QB - ARI,24.64,Derrick Henry RB - BAL,34.80,Kenneth Walker RB - SEA,11.20,Derrick Henry RB - BAL,34.80,Kenneth Walker RB - SEA,11.20,Stefon Diggs WR - NE,16.80,Tee Higgins WR - CIN,10.90,Stefon Diggs WR - NE,16.80,Tee Higgins WR - CIN,10.90,Mark Andrews TE - BAL,3.30,-,0.00,Daniel Carlson K - LV,0.00,Buffalo Bills DEF - BUF,5.00,Tyler Lockett WR - TEN,10.30,Dallas Goedert TE - PHI,6.40,Courtland Sutton WR - DEN,1.30,Mecole Hardman WR,0.00,Clyde Edwards-Helaire RB - KC,0.00,A.J. Dillon RB - PHI,6.30,-,0.00,140.24,lancemourdock,146.78
lancemourdock,4,Kirk Cousins QB - ATL,23.48,Raheem Mostert RB - LV,6.70,Leonard Fournette RB,11.80,Raheem Mostert RB - LV,6.70,Leonard Fournette RB,11.80,DeAndre Hopkins WR - BAL,21.90,Jaylen Waddle WR - MIA,22.60,DeAndre Hopkins WR - BAL,21.90,Jaylen Waddle WR - MIA,22.60,Irv Smith TE,2.80,-,0.00,Wil Lutz K - DEN,6.70,Philadelphia Eagles DEF - PHI,14.00,Kareem Hunt RB - KC,7.20,Christian Kirk WR - HOU,4.00,Damien Harris RB,5.20,Terry McLaurin WR - WAS,10.60,Justin Herbert QB - LAC,0.00,-,0.00,-,0.00,146.78,SimonFuhr237,140.24
LosSausages,6,Lamar Jackson QB - BAL,21.82,Eno Benjamin RB,4.50,Alvin Kamara RB - NO,33.80,Eno Benjamin RB,4.50,Alvin Kamara RB - NO,33.80,Brandon Aiyuk WR - SF,14.10,Davante Adams WR - LAR,0.20,Brandon Aiyuk WR - SF,14.10,Davante Adams WR - LAR,0.20,Zach Ertz TE - WAS,9.40,-,0.00,Justin Tucker K,9.00,San Francisco 49ers DEF - SF,3.00,Ezekiel Elliott RB,0.00,Michael Thomas WR,0.00,JuJu Smith-Schuster WR - KC,0.00,Austin Ekeler RB - WAS,0.00,Michael Carter RB - ARI,6.10,Aaron Rodgers QB - PIT,15.22,-,0.00,134.24,theBIGLebronski,175.20
theBIGLebronski,2,Jalen Hurts QB - PHI,28.40,Travis Etienne RB - JAX,22.20,Dalvin Cook RB,20.10,Travis Etienne RB - JAX,22.20,Dalvin Cook RB,20.10,Tyreek Hill WR - MIA,19.50,Chris Olave WR - NO,5.20,Tyreek Hill WR - MIA,19.50,Chris Olave WR - NO,5.20,Kyle Pitts TE - ATL,14.00,-,0.00,Graham Gano K - NYG,8.60,Tennessee Titans DEF - TEN,9.00,Adam Thielen WR - MIN,6.70,DK Metcalf WR - PIT,11.50,Deebo Samuel WR - WAS,0.00,J.K. Dobbins RB - DEN,0.00,James Robinson RB,1.70,Tyler Allgeier RB - ATL,14.50,-,0.00,175.20,LosSausages,134.24
ShamH,2,Patrick Mahomes QB - KC,34.14,Dameon Pierce RB - HOU,13.90,Joe Mixon RB - HOU,51.10,Dameon Pierce RB - HOU,13.90,Joe Mixon RB - HOU,51.10,Cooper Kupp WR - SEA,18.80,Gabe Davis WR - BUF,3.30,Cooper Kupp WR - SEA,18.80,Gabe Davis WR - BUF,3.30,Travis Kelce TE - KC,10.60,-,0.00,Tyler Bass K - BUF,7.10,Cincinnati Bengals DEF - CIN,6.00,Mike Williams WR,0.00,James Conner RB - ARI,6.40,Saquon Barkley RB - PHI,0.00,Tony Pollard RB - TEN,0.00,Devin Duvernay WR - CHI,0.50,Dallas Cowboys DEF - DAL,0.00,-,0.00,153.94,theBIGLebronski,154.62
theBIGLebronski,1,Jalen Hurts QB - PHI,20.02,Travis Etienne RB - JAX,24.60,Dalvin Cook RB,11.60,Travis Etienne RB - JAX,24.60,Dalvin Cook RB,11.60,Tyreek Hill WR - MIA,20.30,DK Metcalf WR - PIT,9.70,Tyreek Hill WR - MIA,20.30,DK Metcalf WR - PIT,9.70,Kyle Pitts TE - ATL,2.70,-,0.00,Harrison Butker K - KC,6.00,Miami Dolphins DEF - MIA,7.00,Adam Thielen WR - MIN,6.70,Deebo Samuel WR - WAS,0.00,J.K. Dobbins RB - DEN,0.00,James Robinson RB,11.30,Tyler Allgeier RB - ATL,12.30,Chris Olave WR - NO,7.10,-,0.00,154.62,ShamH,153.94
kesso,8,Joe Burrow QB - CIN,19.14,Aaron Jones RB - MIN,4.50,Kenyan Drake RB,22.90,Aaron Jones RB - MIN,4.50,Kenyan Drake RB,22.90,Amon-Ra St. Brown WR - DET,5.50,Michael Pittman WR - IND,2.20,Amon-Ra St. Brown WR - DET,5.50,Michael Pittman WR - IND,2.20,Gerald Everett TE,3.60,-,0.00,Evan McPherson K - CIN,6.00,Tampa Bay Buccaneers DEF - TB,8.00,Keenan Allen WR - LAC,0.00,Darren Waller TE - MIA,0.00,Jonathan Taylor RB - IND,0.00,DeVonta Smith WR - PHI,2.20,Drake London WR - ATL,0.30,Brian Robinson RB - SF,3.80,-,0.00,92.84,lancemourdock,129.02
lancemourdock,4,Justin Herbert QB - LAC,12.10,Raheem Mostert RB - LV,8.60,Leonard Fournette RB,6.00,Raheem Mostert RB - LV,8.60,Leonard Fournette RB,6.00,DeAndre Hopkins WR - BAL,9.60,Jaylen Waddle WR - MIA,14.50,DeAndre Hopkins WR - BAL,9.60,Jaylen Waddle WR - MIA,14.50,Taysom Hill TE - NO,1.12,-,0.00,Wil Lutz K - DEN,8.00,Philadelphia Eagles DEF - PHI,8.00,Kirk Cousins QB - ATL,16.40,Kareem Hunt RB - KC,0.00,Christian Kirk WR - HOU,13.60,T.J. Hockenson TE - MIN,7.00,Damien Harris RB,0.00,Terry McLaurin WR - WAS,5.60,-,0.00,129.02,kesso,92.84
SimonFuhr237,3,Kyler Murray QB - ARI,19.00,Derrick Henry RB - BAL,23.50,Kenneth Walker RB - SEA,24.90,Derrick Henry RB - BAL,23.50,Kenneth Walker RB - SEA,24.90,Stefon Diggs WR - NE,9.30,Tee Higgins WR - CIN,6.00,Stefon Diggs WR - NE,9.30,Tee Higgins WR - CIN,6.00,Dawson Knox TE - BUF,2.50,-,0.00,Daniel Carlson K - LV,9.60,Buffalo Bills DEF - BUF,5.00,Tyler Lockett WR - TEN,12.70,Mark Andrews TE - BAL,0.00,Dallas Goedert TE - PHI,16.00,Courtland Sutton WR - DEN,0.00,Clyde Edwards-Helaire RB - KC,1.90,A.J. Dillon RB - PHI,4.40,-,0.00,139.80,Jottage,114.88
Jottage,6,Tua Tagovailoa QB - MIA,24.08,Rhamondre Stevenson RB - NE,13.00,Jamaal Williams RB,10.10,Rhamondre Stevenson RB - NE,13.00,Jamaal Williams RB,10.10,A.J. Brown WR - PHI,11.90,DJ Moore WR - CHI,2.40,A.J. Brown WR - PHI,11.90,DJ Moore WR - CHI,2.40,Isaiah Likely TE - BAL,8.40,-,0.00,Jason Myers K - SEA,8.90,New England Patriots DEF - NE,24.00,Christian McCaffrey RB - SF,0.00,Chris Godwin WR - TB,3.70,George Kittle TE - SF,0.00,Nick Chubb RB - HOU,0.00,Devin Singletary RB - NYG,4.80,CeeDee Lamb WR - DAL,0.00,-,0.00,114.88,SimonFuhr237,139.80
LosSausages,5,Lamar Jackson QB - BAL,17.52,Austin Ekeler RB - WAS,17.10,Alvin Kamara RB - NO,6.20,Austin Ekeler RB - WAS,17.10,Alvin Kamara RB - NO,6.20,Tyler Boyd WR,4.40,Davante Adams WR - LAR,26.60,Tyler Boyd WR,4.40,Davante Adams WR - LAR,26.60,Zach Ertz TE - WAS,10.00,-,0.00,Justin Tucker K,10.30,Minnesota Vikings DEF - MIN,6.00,Amari Cooper WR,0.00,Ezekiel Elliott RB,0.00,Brandon Aiyuk WR - SF,0.00,Antonio Gibson RB - NE,4.70,Aaron Rodgers QB - PIT,13.64,San Francisco 49ers DEF - SF,0.00,-,0.00,125.26,Juschka,100.50
Juschka,7,Josh Allen QB - BUF,24.80,Josh Jacobs RB - GB,8.70,David Montgomery RB - DET,4.40,Josh Jacobs RB - GB,8.70,David Montgomery RB - DET,4.40,Romeo Doubs WR - GB,1.80,Mike Evans WR - TB,4.00,Romeo Doubs WR - GB,1.80,Mike Evans WR - TB,4.00,Hayden Hurst TE,3.50,-,0.00,Ryan Succop K,12.80,New York Jets DEF - NYJ,10.00,Gus Edwards RB,0.00,Jeff Wilson RB - MIA,13.20,Diontae Johnson WR,0.00,Najee Harris RB - LAC,0.00,Ja'Marr Chase WR - CIN,0.00,Wan'Dale Robinson WR - NYG,0.00,-,0.00,100.50,LosSausages,125.26
ShamH,1,Patrick Mahomes QB - KC,31.14,D'Onta Foreman RB,19.00,Saquon Barkley RB - PHI,22.00,D'Onta Foreman RB,19.00,Saquon Barkley RB - PHI,22.00,Cooper Kupp WR - SEA,-0.10,Gabe Davis WR - BUF,15.30,Cooper Kupp WR - SEA,-0.10,Gabe Davis WR - BUF,15.30,Travis Kelce TE - KC,14.10,-,0.00,Tyler Bass K - BUF,13.90,Dallas Cowboys DEF - DAL,5.00,Joe Mixon RB - HOU,0.00,Mike Williams WR,0.00,James Conner RB - ARI,20.60,Tony Pollard RB - TEN,18.80,Justin Fields QB - NYJ,39.38,Joshua Palmer WR - BUF,4.40,-,0.00,213.72,LosSausages,87.32
LosSausages,8,Tom Brady QB,16.02,Austin Ekeler RB - WAS,6.30,Alvin Kamara RB - NO,4.50,Austin Ekeler RB - WAS,6.30,Alvin Kamara RB - NO,4.50,JuJu Smith-Schuster WR - KC,3.30,Davante Adams WR - LAR,18.60,JuJu Smith-Schuster WR - KC,3.30,Davante Adams WR - LAR,18.60,Zach Ertz TE - WAS,1.20,-,0.00,Robbie Gould K,10.00,San Francisco 49ers DEF - SF,6.00,Justin Tucker K,0.00,Ezekiel Elliott RB,0.00,Tyler Boyd WR,0.00,Lamar Jackson QB - BAL,0.00,Brandon Aiyuk WR - SF,6.40,Antonio Gibson RB - NE,11.80,-,0.00,87.32,ShamH,213.72
kesso,3,Derek Carr QB,17.92,Aaron Jones RB - MIN,21.60,Jonathan Taylor RB - IND,22.30,Aaron Jones RB - MIN,21.60,Jonathan Taylor RB - IND,22.30,DeVonta Smith WR - PHI,7.90,Michael Pittman WR - IND,5.30,DeVonta Smith WR - PHI,7.90,Michael Pittman WR - IND,5.30,Tyler Higbee TE - LAR,7.30,-,0.00,Brandon McManus K - GB,4.90,Tampa Bay Buccaneers DEF - TB,6.00,Keenan Allen WR - LAC,0.00,Kenyan Drake RB,0.00,Joe Burrow QB - CIN,0.00,Amon-Ra St. Brown WR - DET,12.10,Drake London WR - ATL,9.80,Brian Robinson RB - SF,14.60,-,0.00,134.22,SimonFuhr237,92.70
SimonFuhr237,7,Dak Prescott QB - DAL,19.20,Derrick Henry RB - BAL,6.70,Kenneth Walker RB - SEA,7.20,Derrick Henry RB - BAL,6.70,Kenneth Walker RB - SEA,7.20,Stefon Diggs WR - NE,12.80,Tyler Lockett WR - TEN,10.20,Stefon Diggs WR - NE,12.80,Tyler Lockett WR - TEN,10.20,Dallas Goedert TE - PHI,6.30,-,0.00,Daniel Carlson K - LV,2.00,Buffalo Bills DEF - BUF,8.00,Mark Andrews TE - BAL,0.00,Courtland Sutton WR - DEN,6.60,Kyler Murray QB - ARI,0.00,Tee Higgins WR - CIN,0.00,Clyde Edwards-Helaire RB - KC,0.00,A.J. Dillon RB - PHI,6.50,Michael Carter RB - ARI,0.00,92.70,kesso,134.22
theBIGLebronski,5,Jalen Hurts QB - PHI,21.80,Travis Etienne RB - JAX,7.30,Dalvin Cook RB,20.60,Travis Etienne RB - JAX,7.30,Dalvin Cook RB,20.60,Tyreek Hill WR - MIA,10.40,DK Metcalf WR - PIT,7.10,Tyreek Hill WR - MIA,10.40,DK Metcalf WR - PIT,7.10,Kyle Pitts TE - ATL,2.80,-,0.00,Harrison Butker K - KC,3.00,Tennessee Titans DEF - TEN,12.00,Adam Thielen WR - MIN,4.90,Deebo Samuel WR - WAS,5.10,Jerry Jeudy WR - CLE,0.00,James Robinson RB,0.00,Tyler Allgeier RB - ATL,0.30,Chris Olave WR - NO,4.00,-,0.00,104.70,Juschka,96.10
Juschka,6,Josh Allen QB - BUF,19.60,Cordarrelle Patterson RB,2.00,David Montgomery RB - DET,4.40,Cordarrelle Patterson RB,2.00,David Montgomery RB - DET,4.40,Wan'Dale Robinson WR - NYG,1.50,Mike Evans WR - TB,5.40,Wan'Dale Robinson WR - NYG,1.50,Mike Evans WR - TB,5.40,Mike Gesicki TE - CIN,3.10,-,0.00,Ryan Succop K,3.00,Seattle Seahawks DEF - SEA,4.00,Gus Edwards RB,0.00,Jeff Wilson RB - MIA,20.30,Diontae Johnson WR,6.30,Najee Harris RB - LAC,9.90,Ja'Marr Chase WR - CIN,0.00,Romeo Doubs WR - GB,0.00,-,0.00,96.10,theBIGLebronski,104.70
Jottage,4,Tua Tagovailoa QB - MIA,23.40,Nick Chubb RB - HOU,12.10,Christian McCaffrey RB - SF,13.70,Nick Chubb RB - HOU,12.10,Christian McCaffrey RB - SF,13.70,Chris Godwin WR - TB,13.10,CeeDee Lamb WR - DAL,27.00,Chris Godwin WR - TB,13.10,CeeDee Lamb WR - DAL,27.00,George Kittle TE - SF,2.10,-,0.00,Jason Myers K - SEA,6.50,Denver Broncos DEF - DEN,4.00,Jamaal Williams RB,11.90,DJ Moore WR - CHI,2.90,Devin Singletary RB - NYG,14.70,J.K. Dobbins RB - DEN,0.00,Rhamondre Stevenson RB - NE,0.00,New England Patriots DEF - NE,0.00,-,0.00,132.10,lancemourdock,147.92
lancemourdock,2,Justin Herbert QB - LAC,12.04,Raheem Mostert RB - LV,14.70,Leonard Fournette RB,9.80,Raheem Mostert RB - LV,14.70,Leonard Fournette RB,9.80,DeAndre Hopkins WR - BAL,9.80,Jaylen Waddle WR - MIA,6.60,DeAndre Hopkins WR - BAL,9.80,Jaylen Waddle WR - MIA,6.60,T.J. Hockenson TE - MIN,4.50,-,0.00,Wil Lutz K - DEN,5.40,Philadelphia Eagles DEF - PHI,7.00,Kirk Cousins QB - ATL,15.48,Kareem Hunt RB - KC,1.90,Taysom Hill TE - NO,0.10,Christian Kirk WR - HOU,22.50,Damien Harris RB,0.00,Terry McLaurin WR - WAS,12.80,-,0.00,147.92,Jottage,132.10
ShamH,1,Patrick Mahomes QB - KC,27.46,Saquon Barkley RB - PHI,3.50,Dameon Pierce RB - HOU,1.70,Saquon Barkley RB - PHI,3.50,Dameon Pierce RB - HOU,1.70,Amari Cooper WR,23.30,Chris Olave WR - NO,16.20,Amari Cooper WR,23.30,Chris Olave WR - NO,16.20,Travis Kelce TE - KC,29.50,-,0.00,Tyler Bass K - BUF,26.20,Dallas Cowboys DEF - DAL,16.00,Odell Beckham WR,0.00,Tyreek Hill WR - MIA,0.00,Mike Williams WR,1.50,James Conner RB - ARI,11.40,Alexander Mattison RB - MIA,0.80,Kadarius Toney WR,0.00,Christian Watson WR - GB,17.10,205.56,SimonFuhr237,124.30
SimonFuhr237,5,Dak Prescott QB - DAL,20.64,Derrick Henry RB - BAL,23.36,D'Andre Swift RB - CHI,9.20,Derrick Henry RB - BAL,23.36,D'Andre Swift RB - CHI,9.20,Stefon Diggs WR - NE,10.80,Tee Higgins WR - CIN,14.80,Stefon Diggs WR - NE,10.80,Tee Higgins WR - CIN,14.80,Mark Andrews TE - BAL,6.30,-,0.00,Daniel Carlson K - LV,14.90,Buffalo Bills DEF - BUF,3.00,Allen Robinson WR,10.70,Tyler Lockett WR - TEN,0.00,Courtland Sutton WR - DEN,8.00,Kyler Murray QB - ARI,0.00,Clyde Edwards-Helaire RB - KC,0.90,Kenneth Walker RB - SEA,0.00,-,0.00,124.30,ShamH,205.56
kesso,3,Joe Burrow QB - CIN,26.70,Aaron Jones RB - MIN,8.00,Jonathan Taylor RB - IND,13.40,Aaron Jones RB - MIN,8.00,Jonathan Taylor RB - IND,13.40,Amon-Ra St. Brown WR - DET,8.00,Michael Pittman WR - IND,7.50,Amon-Ra St. Brown WR - DET,8.00,Michael Pittman WR - IND,7.50,Tyler Higbee TE - LAR,4.50,-,0.00,Brandon McManus K - GB,15.80,Cincinnati Bengals DEF - CIN,1.00,Keenan Allen WR - LAC,7.40,Derek Carr QB,20.28,Kenyan Drake RB,5.30,Allen Lazard WR - NYJ,5.70,DeVonta Smith WR - PHI,7.80,Drake London WR - ATL,6.20,-,0.00,143.28,LosSausages,135.16
LosSausages,4,Lamar Jackson QB - BAL,15.46,D'Onta Foreman RB,2.40,Alvin Kamara RB - NO,8.90,D'Onta Foreman RB,2.40,Alvin Kamara RB - NO,8.90,Brandon Aiyuk WR - SF,14.00,Davante Adams WR - LAR,26.10,Brandon Aiyuk WR - SF,14.00,Davante Adams WR - LAR,26.10,Dalton Schultz TE - HOU,2.20,-,0.00,Justin Tucker K,7.90,San Francisco 49ers DEF - SF,11.00,Tom Brady QB,0.00,Ezekiel Elliott RB,16.70,Tyler Boyd WR,4.20,JuJu Smith-Schuster WR - KC,0.00,Hollywood Brown WR - KC,0.00,Antonio Gibson RB - NE,10.30,-,0.00,135.16,kesso,143.28
theBIGLebronski,6,Justin Fields QB - NYJ,22.62,Miles Sanders RB - DAL,4.80,Dalvin Cook RB,7.20,Miles Sanders RB - DAL,4.80,Dalvin Cook RB,7.20,Gabe Davis WR - BUF,6.80,Deebo Samuel WR - WAS,15.40,Gabe Davis WR - BUF,6.80,Deebo Samuel WR - WAS,15.40,Kyle Pitts TE - ATL,4.30,-,0.00,Harrison Butker K - KC,14.50,Tennessee Titans DEF - TEN,2.00,Adam Thielen WR - MIN,2.50,DK Metcalf WR - PIT,0.00,Jalen Hurts QB - PHI,24.20,James Robinson RB,1.00,Travis Etienne RB - JAX,0.00,Elijah Mitchell RB - KC,5.90,-,0.00,117.42,Jottage,157.74
Jottage,2,Daniel Jones QB - IND,24.64,Nick Chubb RB - HOU,6.70,Rhamondre Stevenson RB - NE,8.20,Nick Chubb RB - HOU,6.70,Rhamondre Stevenson RB - NE,8.20,Justin Jefferson WR - MIN,3.30,CeeDee Lamb WR - DAL,4.50,Justin Jefferson WR - MIN,3.30,CeeDee Lamb WR - DAL,4.50,George Kittle TE - SF,20.40,-,0.00,Brett Maher K,23.30,Baltimore Ravens DEF - BAL,17.00,DJ Moore WR - CHI,2.40,A.J. Brown WR - PHI,4.00,Devin Singletary RB - NYG,15.70,Tua Tagovailoa QB - MIA,0.00,Rachaad White RB - TB,0.00,New England Patriots DEF - NE,17.00,-,0.00,157.74,theBIGLebronski,117.42
Juschka,7,Josh Allen QB - BUF,12.58,Cordarrelle Patterson RB,9.90,David Montgomery RB - DET,18.10,Cordarrelle Patterson RB,9.90,David Montgomery RB - DET,18.10,Wan'Dale Robinson WR - NYG,10.40,Van Jefferson WR - TEN,4.10,Wan'Dale Robinson WR - NYG,10.40,Van Jefferson WR - TEN,4.10,Cole Kmet TE - CHI,3.50,-,0.00,Nick Folk K - NYJ,4.00,Minnesota Vikings DEF - MIN,-4.00,Mike Evans WR - TB,0.00,Gus Edwards RB,0.00,Jeff Wilson RB - MIA,0.00,Diontae Johnson WR,2.20,Najee Harris RB - LAC,23.60,Ja'Marr Chase WR - CIN,0.00,-,0.00,100.38,lancemourdock,85.10
lancemourdock,8,Justin Herbert QB - LAC,18.70,Jamaal Williams RB,24.40,Kareem Hunt RB - KC,5.40,Jamaal Williams RB,24.40,Kareem Hunt RB - KC,5.40,DeAndre Hopkins WR - BAL,9.10,Terry McLaurin WR - WAS,5.60,DeAndre Hopkins WR - BAL,9.10,Terry McLaurin WR - WAS,5.60,T.J. Hockenson TE - MIN,3.40,-,0.00,Graham Gano K - NYG,0.00,Philadelphia Eagles DEF - PHI,7.00,Kirk Cousins QB - ATL,2.20,Raheem Mostert RB - LV,0.00,Leonard Fournette RB,0.00,Chris Godwin WR - TB,0.00,Christian Kirk WR - HOU,0.00,Jaylen Waddle WR - MIA,0.00,-,0.00,85.10,Juschka,100.38
ShamH,7,Patrick Mahomes QB - KC,18.40,Saquon Barkley RB - PHI,11.20,Tony Pollard RB - TEN,6.10,Saquon Barkley RB - PHI,11.20,Tony Pollard RB - TEN,6.10,Tyreek Hill WR - MIA,9.00,Amari Cooper WR,9.40,Tyreek Hill WR - MIA,9.00,Amari Cooper WR,9.40,Travis Kelce TE - KC,11.70,-,0.00,Tyler Bass K - BUF,11.20,Dallas Cowboys DEF - DAL,4.00,Odell Beckham WR,0.00,Mike Williams WR,0.00,Dameon Pierce RB - HOU,1.60,Chris Olave WR - NO,6.20,Jameson Williams WR - DET,0.00,Christian Watson WR - GB,17.00,-,0.00,123.80,lancemourdock,113.62
lancemourdock,8,Geno Smith QB - LV,19.32,Leonard Fournette RB,0.00,Raheem Mostert RB - LV,0.00,Leonard Fournette RB,0.00,Raheem Mostert RB - LV,0.00,Christian Kirk WR - HOU,4.10,Jaylen Waddle WR - MIA,8.50,Christian Kirk WR - HOU,4.10,Jaylen Waddle WR - MIA,8.50,T.J. Hockenson TE - MIN,10.30,-,0.00,Jason Myers K - SEA,10.40,Philadelphia Eagles DEF - PHI,6.00,DeAndre Hopkins WR - BAL,14.70,Chris Godwin WR - TB,17.00,Kareem Hunt RB - KC,2.10,Jamaal Williams RB,10.60,Damien Harris RB,1.60,Cam Akers RB - MIN,3.70,-,0.00,113.62,ShamH,123.80
kesso,5,Joe Burrow QB - CIN,18.00,Aaron Jones RB - MIN,15.90,Jonathan Taylor RB - IND,15.80,Aaron Jones RB - MIN,15.90,Jonathan Taylor RB - IND,15.80,Amon-Ra St. Brown WR - DET,18.90,Michael Pittman WR - IND,12.10,Amon-Ra St. Brown WR - DET,18.90,Michael Pittman WR - IND,12.10,Tyler Higbee TE - LAR,0.00,-,0.00,Brandon McManus K - GB,4.00,Cincinnati Bengals DEF - CIN,2.00,Derek Carr QB,20.80,Kenyan Drake RB,0.20,Allen Lazard WR - NYJ,2.40,DeVonta Smith WR - PHI,5.00,Drake London WR - ATL,2.90,Brian Robinson RB - SF,18.50,-,0.00,147.40,theBIGLebronski,146.42
theBIGLebronski,6,Jalen Hurts QB - PHI,29.82,Travis Etienne RB - JAX,0.30,Dalvin Cook RB,5.60,Travis Etienne RB - JAX,0.30,Dalvin Cook RB,5.60,Gabe Davis WR - BUF,3.80,Deebo Samuel WR - WAS,4.30,Gabe Davis WR - BUF,3.80,Deebo Samuel WR - WAS,4.30,Dawson Knox TE - BUF,1.70,-,0.00,Harrison Butker K - KC,14.20,Miami Dolphins DEF - MIA,18.00,Adam Thielen WR - MIN,12.10,Joe Mixon RB - HOU,0.00,Samaje Perine RB - CIN,15.30,DK Metcalf WR - PIT,9.00,Elijah Mitchell RB - KC,4.30,Justin Fields QB - NYJ,0.00,-,0.00,146.42,kesso,147.40
SimonFuhr237,3,Dak Prescott QB - DAL,14.84,Derrick Henry RB - BAL,11.70,Kenneth Walker RB - SEA,15.90,Derrick Henry RB - BAL,11.70,Kenneth Walker RB - SEA,15.90,Stefon Diggs WR - NE,13.70,Tee Higgins WR - CIN,17.40,Stefon Diggs WR - NE,13.70,Tee Higgins WR - CIN,17.40,Mark Andrews TE - BAL,7.00,-,0.00,Daniel Carlson K - LV,10.60,Buffalo Bills DEF - BUF,8.00,Allen Robinson WR,0.00,Tyler Lockett WR - TEN,12.80,Courtland Sutton WR - DEN,7.50,Kyler Murray QB - ARI,25.24,D'Andre Swift RB - CHI,6.30,-,0.00,-,0.00,160.78,Juschka,165.52
Juschka,2,Josh Allen QB - BUF,29.92,Jeff Wilson RB - MIA,11.20,Josh Jacobs RB - GB,42.30,Jeff Wilson RB - MIA,11.20,Josh Jacobs RB - GB,42.30,Van Jefferson WR - TEN,8.90,Mike Evans WR - TB,3.10,Van Jefferson WR - TEN,8.90,Mike Evans WR - TB,3.10,Cole Kmet TE - CHI,2.70,-,0.00,Nick Folk K - NYJ,16.00,Minnesota Vikings DEF - MIN,9.00,Cordarrelle Patterson RB,7.10,Gus Edwards RB,9.20,David Montgomery RB - DET,11.30,Diontae Johnson WR,4.90,Ja'Marr Chase WR - CIN,0.00,-,0.00,-,0.00,165.52,SimonFuhr237,160.78
LosSausages,1,Lamar Jackson QB - BAL,23.06,Austin Ekeler RB - WAS,14.00,Ezekiel Elliott RB,15.50,Austin Ekeler RB - WAS,14.00,Ezekiel Elliott RB,15.50,Brandon Aiyuk WR - SF,6.50,Davante Adams WR - LAR,7.40,Brandon Aiyuk WR - SF,6.50,Davante Adams WR - LAR,7.40,Dalton Schultz TE - HOU,15.10,-,0.00,Justin Tucker K,15.50,San Francisco 49ers DEF - SF,15.00,Tom Brady QB,18.04,Tyler Boyd WR,1.60,JuJu Smith-Schuster WR - KC,3.80,D'Onta Foreman RB,11.30,Antonio Gibson RB - NE,5.40,Isiah Pacheco RB - KC,14.60,-,0.00,167.80,Jottage,149.70
Jottage,4,Tua Tagovailoa QB - MIA,15.96,Nick Chubb RB - HOU,19.20,Rhamondre Stevenson RB - NE,11.20,Nick Chubb RB - HOU,19.20,Rhamondre Stevenson RB - NE,11.20,Justin Jefferson WR - MIN,20.34,CeeDee Lamb WR - DAL,11.70,Justin Jefferson WR - MIN,20.34,CeeDee Lamb WR - DAL,11.70,George Kittle TE - SF,2.60,-,0.00,Brett Maher K,4.00,Kansas City Chiefs DEF - KC,11.00,Deshaun Watson QB - CLE,0.00,DJ Moore WR - CHI,16.30,A.J. Brown WR - PHI,8.60,Devin Singletary RB - NYG,8.00,Rachaad White RB - TB,10.90,Baltimore Ravens DEF - BAL,5.00,-,0.00,149.70,LosSausages,167.80
ShamH,1,Patrick Mahomes QB - KC,19.82,Saquon Barkley RB - PHI,14.10,Tony Pollard RB - TEN,22.60,Saquon Barkley RB - PHI,14.10,Tony Pollard RB - TEN,22.60,Tyreek Hill WR - MIA,20.60,Amari Cooper WR,4.00,Tyreek Hill WR - MIA,20.60,Amari Cooper WR,4.00,Travis Kelce TE - KC,3.60,-,0.00,Tyler Bass K - BUF,7.80,Dallas Cowboys DEF - DAL,20.00,Mike Williams WR,0.00,James Conner RB - ARI,0.00,Treylon Burks WR - WAS,8.50,Chris Olave WR - NO,6.50,Garrett Wilson WR - NYJ,16.20,Christian Watson WR - GB,21.40,-,0.00,174.62,Jottage,156.40
Jottage,3,Justin Herbert QB - LAC,18.10,Nick Chubb RB - HOU,8.00,Rhamondre Stevenson RB - NE,7.80,Nick Chubb RB - HOU,8.00,Rhamondre Stevenson RB - NE,7.80,Justin Jefferson WR - MIN,11.60,A.J. Brown WR - PHI,23.90,Justin Jefferson WR - MIN,11.60,A.J. Brown WR - PHI,23.90,George Kittle TE - SF,2.20,-,0.00,Brett Maher K,6.00,Baltimore Ravens DEF - BAL,6.00,DJ Moore WR - CHI,0.00,Devin Singletary RB - NYG,11.10,Tua Tagovailoa QB - MIA,13.80,CeeDee Lamb WR - DAL,15.40,Rachaad White RB - TB,10.90,Kansas City Chiefs DEF - KC,1.00,-,0.00,156.40,ShamH,174.62
kesso,2,Joe Burrow QB - CIN,30.04,Aaron Jones RB - MIN,5.00,Jonathan Taylor RB - IND,10.30,Aaron Jones RB - MIN,5.00,Jonathan Taylor RB - IND,10.30,Amon-Ra St. Brown WR - DET,23.60,Michael Pittman WR - IND,1.60,Amon-Ra St. Brown WR - DET,23.60,Michael Pittman WR - IND,1.60,Tyler Higbee TE - LAR,1.40,-,0.00,Brandon McManus K - GB,14.30,Cincinnati Bengals DEF - CIN,4.00,Derek Carr QB,16.00,Kenyan Drake RB,4.60,Allen Lazard WR - NYJ,6.70,DeVonta Smith WR - PHI,16.20,Drake London WR - ATL,9.50,Brian Robinson RB - SF,11.10,-,0.00,169.14,Juschka,113.72
Juschka,7,Josh Allen QB - BUF,16.92,David Montgomery RB - DET,12.70,Josh Jacobs RB - GB,19.00,David Montgomery RB - DET,12.70,Josh Jacobs RB - GB,19.00,Ja'Marr Chase WR - CIN,9.70,Mike Evans WR - TB,5.90,Ja'Marr Chase WR - CIN,9.70,Mike Evans WR - TB,5.90,Cole Kmet TE - CHI,7.20,-,0.00,Nick Folk K - NYJ,4.90,Minnesota Vikings DEF - MIN,5.00,Cordarrelle Patterson RB,6.00,Jeff Wilson RB - MIA,0.30,Van Jefferson WR - TEN,3.90,Najee Harris RB - LAC,9.20,Bam Knight RB - ARI,11.80,Jameson Williams WR - DET,0.00,-,0.00,113.72,kesso,169.14
SimonFuhr237,8,Dak Prescott QB - DAL,16.80,Derrick Henry RB - BAL,3.80,Kenneth Walker RB - SEA,3.60,Derrick Henry RB - BAL,3.80,Kenneth Walker RB - SEA,3.60,Stefon Diggs WR - NE,15.20,Tee Higgins WR - CIN,9.50,Stefon Diggs WR - NE,15.20,Tee Higgins WR - CIN,9.50,Mark Andrews TE - BAL,5.40,-,0.00,Daniel Carlson K - LV,11.50,Buffalo Bills DEF - BUF,5.00,Latavius Murray RB,6.10,Allen Robinson WR,0.00,Courtland Sutton WR - DEN,0.00,Kyler Murray QB - ARI,0.00,D'Andre Swift RB - CHI,17.10,-,0.00,-,0.00,112.80,theBIGLebronski,142.96
theBIGLebronski,5,Jalen Hurts QB - PHI,34.40,Miles Sanders RB - DAL,9.80,Dalvin Cook RB,14.30,Miles Sanders RB - DAL,9.80,Dalvin Cook RB,14.30,DK Metcalf WR - PIT,18.70,Deebo Samuel WR - WAS,6.30,DK Metcalf WR - PIT,18.70,Deebo Samuel WR - WAS,6.30,Dawson Knox TE - BUF,0.00,-,0.00,Harrison Butker K - KC,6.00,Tampa Bay Buccaneers DEF - TB,3.00,Adam Thielen WR - MIN,2.70,Joe Mixon RB - HOU,0.00,Gabe Davis WR - BUF,7.50,Travis Etienne RB - JAX,4.60,Justin Fields QB - NYJ,19.26,Kyren Williams RB - LAR,0.90,-,0.00,142.96,SimonFuhr237,112.80
LosSausages,4,Lamar Jackson QB - BAL,1.34,Austin Ekeler RB - WAS,8.20,Ezekiel Elliott RB,15.10,Austin Ekeler RB - WAS,8.20,Ezekiel Elliott RB,15.10,Brandon Aiyuk WR - SF,4.60,Davante Adams WR - LAR,29.70,Brandon Aiyuk WR - SF,4.60,Davante Adams WR - LAR,29.70,Dalton Schultz TE - HOU,3.30,-,0.00,Justin Tucker K,4.00,San Francisco 49ers DEF - SF,18.00,Tom Brady QB,17.14,JuJu Smith-Schuster WR - KC,3.50,D'Onta Foreman RB,0.00,A.J. Dillon RB - PHI,17.90,Antonio Gibson RB - NE,5.90,Isiah Pacheco RB - KC,14.20,-,0.00,146.58,lancemourdock,131.82
lancemourdock,6,Deshaun Watson QB - CLE,5.34,Jamaal Williams RB,9.50,Kareem Hunt RB - KC,7.40,Jamaal Williams RB,9.50,Kareem Hunt RB - KC,7.40,Christian Kirk WR - HOU,10.40,Jaylen Waddle WR - MIA,0.90,Christian Kirk WR - HOU,10.40,Jaylen Waddle WR - MIA,0.90,T.J. Hockenson TE - MIN,3.30,-,0.00,Jason Myers K - SEA,10.10,Philadelphia Eagles DEF - PHI,10.00,Geno Smith QB - LV,22.98,DeAndre Hopkins WR - BAL,0.00,Raheem Mostert RB - LV,3.00,Leonard Fournette RB,8.10,Damien Harris RB,0.00,Terry McLaurin WR - WAS,16.50,Cam Akers RB - MIN,18.00,131.82,LosSausages,146.58
ShamH,2,Patrick Mahomes QB - KC,19.78,James Conner RB - ARI,17.40,Tony Pollard RB - TEN,18.20,James Conner RB - ARI,17.40,Tony Pollard RB - TEN,18.20,Tyreek Hill WR - MIA,20.10,Garrett Wilson WR - NYJ,7.80,Tyreek Hill WR - MIA,20.10,Garrett Wilson WR - NYJ,7.80,Travis Kelce TE - KC,7.10,-,0.00,Tyler Bass K - BUF,10.70,Dallas Cowboys DEF - DAL,4.00,Amari Cooper WR,4.20,Saquon Barkley RB - PHI,4.80,Dameon Pierce RB - HOU,11.80,Treylon Burks WR - WAS,0.00,Chris Olave WR - NO,0.00,Christian Watson WR - GB,0.00,-,0.00,143.48,kesso,87.06
kesso,7,Joe Burrow QB - CIN,16.56,Kenyan Drake RB,0.20,Jerick McKinnon RB,25.40,Kenyan Drake RB,0.20,Jerick McKinnon RB,25.40,Amon-Ra St. Brown WR - DET,7.40,DeVonta Smith WR - PHI,12.40,Amon-Ra St. Brown WR - DET,7.40,DeVonta Smith WR - PHI,12.40,Tyler Higbee TE - LAR,1.10,-,0.00,Brandon McManus K - GB,4.00,Cincinnati Bengals DEF - CIN,8.00,Gerald Everett TE,2.80,Aaron Jones RB - MIN,0.00,Allen Lazard WR - NYJ,0.00,Jonathan Taylor RB - IND,0.00,Michael Pittman WR - IND,0.00,Brian Robinson RB - SF,0.00,-,0.00,87.06,ShamH,143.48
SimonFuhr237,8,Kyler Murray QB - ARI,0.66,Derrick Henry RB - BAL,17.50,D'Andre Swift RB - CHI,3.90,Derrick Henry RB - BAL,17.50,D'Andre Swift RB - CHI,3.90,Stefon Diggs WR - NE,3.70,Tee Higgins WR - CIN,0.00,Stefon Diggs WR - NE,3.70,Tee Higgins WR - CIN,0.00,Mark Andrews TE - BAL,1.70,-,0.00,Daniel Carlson K - LV,12.90,Buffalo Bills DEF - BUF,12.00,Tyler Lockett WR - TEN,12.00,Dak Prescott QB - DAL,13.66,Michael Gallup WR,4.00,Courtland Sutton WR - DEN,0.00,Tony Jones RB,0.20,Kenneth Walker RB - SEA,0.00,-,0.00,85.32,LosSausages,134.90
LosSausages,4,Kirk Cousins QB - ATL,25.00,Austin Ekeler RB - WAS,16.40,Ezekiel Elliott RB,14.10,Austin Ekeler RB - WAS,16.40,Ezekiel Elliott RB,14.10,Brandon Aiyuk WR - SF,11.70,Davante Adams WR - LAR,7.10,Brandon Aiyuk WR - SF,11.70,Davante Adams WR - LAR,7.10,Dalton Schultz TE - HOU,8.70,-,0.00,Justin Tucker K,11.70,San Francisco 49ers DEF - SF,10.00,Alvin Kamara RB - NO,0.00,JuJu Smith-Schuster WR - KC,13.40,D'Onta Foreman RB,7.50,Lamar Jackson QB - BAL,0.00,A.J. Dillon RB - PHI,0.00,-,0.00,-,0.00,134.90,SimonFuhr237,85.32
theBIGLebronski,1,Jalen Hurts QB - PHI,30.38,Miles Sanders RB - DAL,27.50,Dalvin Cook RB,7.60,Miles Sanders RB - DAL,27.50,Dalvin Cook RB,7.60,DK Metcalf WR - PIT,13.10,Deebo Samuel WR - WAS,10.40,DK Metcalf WR - PIT,13.10,Deebo Samuel WR - WAS,10.40,Pat Freiermuth TE - PIT,9.30,-,0.00,Harrison Butker K - KC,12.00,Seattle Seahawks DEF - SEA,1.00,Adam Thielen WR - MIN,12.50,Samaje Perine RB - CIN,8.40,Gabe Davis WR - BUF,3.10,Travis Etienne RB - JAX,3.20,Justin Fields QB - NYJ,0.00,Kyren Williams RB - LAR,2.90,-,0.00,151.98,lancemourdock,98.70
lancemourdock,6,Geno Smith QB - LV,20.56,Jamaal Williams RB,3.70,Cam Akers RB - MIN,8.30,Jamaal Williams RB,3.70,Cam Akers RB - MIN,8.30,DeAndre Hopkins WR - BAL,5.90,Jaylen Waddle WR - MIA,3.10,DeAndre Hopkins WR - BAL,5.90,Jaylen Waddle WR - MIA,3.10,T.J. Hockenson TE - MIN,5.70,-,0.00,Jason Myers K - SEA,6.00,Philadelphia Eagles DEF - PHI,9.00,Raheem Mostert RB - LV,4.40,Leonard Fournette RB,4.60,Deshaun Watson QB - CLE,16.34,Kareem Hunt RB - KC,1.20,Christian Kirk WR - HOU,4.50,Terry McLaurin WR - WAS,0.00,-,0.00,98.70,theBIGLebronski,151.98
Jottage,3,Tua Tagovailoa QB - MIA,12.60,Nick Chubb RB - HOU,5.40,Christian McCaffrey RB - SF,27.30,Nick Chubb RB - HOU,5.40,Christian McCaffrey RB - SF,27.30,Justin Jefferson WR - MIN,22.30,A.J. Brown WR - PHI,13.00,Justin Jefferson WR - MIN,22.30,A.J. Brown WR - PHI,13.00,George Kittle TE - SF,2.80,-,0.00,Brett Maher K,11.60,Kansas City Chiefs DEF - KC,15.00,DJ Moore WR - CHI,0.60,Devin Singletary RB - NYG,4.30,CeeDee Lamb WR - DAL,3.30,Justin Herbert QB - LAC,19.48,Rachaad White RB - TB,5.70,Tennessee Titans DEF - TEN,-4.00,-,0.00,140.38,Juschka,126.98
Juschka,5,Josh Allen QB - BUF,20.58,Jeff Wilson RB - MIA,2.60,Josh Jacobs RB - GB,17.40,Jeff Wilson RB - MIA,2.60,Josh Jacobs RB - GB,17.40,Ja'Marr Chase WR - CIN,18.50,Mike Evans WR - TB,4.40,Ja'Marr Chase WR - CIN,18.50,Mike Evans WR - TB,4.40,David Njoku TE - CLE,11.70,-,0.00,Nick Folk K - NYJ,11.10,Minnesota Vikings DEF - MIN,-1.00,Cordarrelle Patterson RB,0.00,David Montgomery RB - DET,0.00,Cole Kmet TE - CHI,0.00,Van Jefferson WR - TEN,10.40,Najee Harris RB - LAC,11.00,Bam Knight RB - ARI,13.70,-,0.00,126.98,Jottage,140.38
ShamH,3,Patrick Mahomes QB - KC,32.74,James Conner RB - ARI,15.10,Tony Pollard RB - TEN,10.60,James Conner RB - ARI,15.10,Tony Pollard RB - TEN,10.60,Tyreek Hill WR - MIA,12.90,Mike Williams WR,6.70,Tyreek Hill WR - MIA,12.90,Mike Williams WR,6.70,Travis Kelce TE - KC,10.50,-,0.00,Tyler Bass K - BUF,6.00,Dallas Cowboys DEF - DAL,6.00,Amari Cooper WR,5.80,Dallas Goedert TE - PHI,0.00,Chris Olave WR - NO,5.30,Garrett Wilson WR - NYJ,9.80,Christian Watson WR - GB,4.60,Baltimore Ravens DEF - BAL,7.00,-,0.00,151.04,theBIGLebronski,151.88
theBIGLebronski,2,Jalen Hurts QB - PHI,34.70,Miles Sanders RB - DAL,0.90,Dalvin Cook RB,23.00,Miles Sanders RB - DAL,0.90,Dalvin Cook RB,23.00,DK Metcalf WR - PIT,5.50,Jerry Jeudy WR - CLE,7.60,DK Metcalf WR - PIT,5.50,Jerry Jeudy WR - CLE,7.60,Pat Freiermuth TE - PIT,0.00,-,0.00,Harrison Butker K - KC,4.00,Denver Broncos DEF - DEN,10.00,Adam Thielen WR - MIN,10.10,Darren Waller TE - MIA,10.80,Deebo Samuel WR - WAS,0.00,Gabe Davis WR - BUF,5.60,Travis Etienne RB - JAX,10.70,Justin Fields QB - NYJ,23.58,-,0.00,151.88,ShamH,151.04
kesso,4,Joe Burrow QB - CIN,24.80,Aaron Jones RB - MIN,16.60,Jonathan Taylor RB - IND,1.30,Aaron Jones RB - MIN,16.60,Jonathan Taylor RB - IND,1.30,Amon-Ra St. Brown WR - DET,8.20,DeVonta Smith WR - PHI,12.60,Amon-Ra St. Brown WR - DET,8.20,DeVonta Smith WR - PHI,12.60,Gerald Everett TE,4.20,-,0.00,Brandon McManus K - GB,8.20,Cincinnati Bengals DEF - CIN,9.00,Jerick McKinnon RB,26.20,Kenyan Drake RB,0.00,Tyler Higbee TE - LAR,8.70,Allen Lazard WR - NYJ,0.70,Michael Pittman WR - IND,9.00,Brian Robinson RB - SF,10.70,-,0.00,148.80,lancemourdock,138.16
lancemourdock,6,Deshaun Watson QB - CLE,12.64,Jamaal Williams RB,3.30,Cam Akers RB - MIN,10.00,Jamaal Williams RB,3.30,Cam Akers RB - MIN,10.00,Terry McLaurin WR - WAS,7.00,Jaylen Waddle WR - MIA,17.40,Terry McLaurin WR - WAS,7.00,Jaylen Waddle WR - MIA,17.40,T.J. Hockenson TE - MIN,5.30,-,0.00,Wil Lutz K - DEN,3.00,Philadelphia Eagles DEF - PHI,9.00,Geno Smith QB - LV,15.32,DeAndre Hopkins WR - BAL,6.00,Raheem Mostert RB - LV,15.60,Leonard Fournette RB,7.40,Kareem Hunt RB - KC,2.70,Christian Kirk WR - HOU,9.20,-,0.00,138.16,kesso,148.80
SimonFuhr237,8,Dak Prescott QB - DAL,20.24,Derrick Henry RB - BAL,22.30,D'Andre Swift RB - CHI,7.50,Derrick Henry RB - BAL,22.30,D'Andre Swift RB - CHI,7.50,Stefon Diggs WR - NE,5.70,Tyler Lockett WR - TEN,6.80,Stefon Diggs WR - NE,5.70,Tyler Lockett WR - TEN,6.80,Mark Andrews TE - BAL,3.10,-,0.00,Daniel Carlson K - LV,7.90,Buffalo Bills DEF - BUF,1.00,Michael Gallup WR,0.20,Courtland Sutton WR - DEN,0.00,Kyler Murray QB - ARI,0.00,Tee Higgins WR - CIN,11.30,Tony Jones RB,0.00,Kenneth Walker RB - SEA,7.90,-,0.00,114.14,Juschka,148.46
Juschka,5,Josh Allen QB - BUF,35.86,Najee Harris RB - LAC,14.60,Josh Jacobs RB - GB,11.00,Najee Harris RB - LAC,14.60,Josh Jacobs RB - GB,11.00,Ja'Marr Chase WR - CIN,12.00,Mike Evans WR - TB,8.30,Ja'Marr Chase WR - CIN,12.00,Mike Evans WR - TB,8.30,David Njoku TE - CLE,2.80,-,0.00,Nick Folk K - NYJ,14.10,Minnesota Vikings DEF - MIN,4.00,Cordarrelle Patterson RB,11.20,Gus Edwards RB,5.50,Jeff Wilson RB - MIA,0.00,David Montgomery RB - DET,21.10,Cole Kmet TE - CHI,2.50,Van Jefferson WR - TEN,3.20,-,0.00,148.46,SimonFuhr237,114.14
LosSausages,7,Kirk Cousins QB - ATL,32.40,Alvin Kamara RB - NO,10.40,Ezekiel Elliott RB,13.10,Alvin Kamara RB - NO,10.40,Ezekiel Elliott RB,13.10,Brandon Aiyuk WR - SF,1.90,Davante Adams WR - LAR,2.80,Brandon Aiyuk WR - SF,1.90,Davante Adams WR - LAR,2.80,Dalton Schultz TE - HOU,1.50,-,0.00,Justin Tucker K,5.30,San Francisco 49ers DEF - SF,9.00,JuJu Smith-Schuster WR - KC,6.80,D'Onta Foreman RB,0.90,Lamar Jackson QB - BAL,0.00,J.K. Dobbins RB - DEN,12.80,A.J. Dillon RB - PHI,19.10,Isiah Pacheco RB - KC,7.70,-,0.00,136.70,Jottage,197.58
Jottage,1,Justin Herbert QB - LAC,8.72,Nick Chubb RB - HOU,9.90,Christian McCaffrey RB - SF,19.80,Nick Chubb RB - HOU,9.90,Christian McCaffrey RB - SF,19.80,Justin Jefferson WR - MIN,18.30,A.J. Brown WR - PHI,18.10,Justin Jefferson WR - MIN,18.30,A.J. Brown WR - PHI,18.10,George Kittle TE - SF,21.30,-,0.00,Brett Maher K,12.30,Kansas City Chiefs DEF - KC,3.00,DJ Moore WR - CHI,13.30,Devin Singletary RB - NYG,7.00,Tua Tagovailoa QB - MIA,18.06,Rhamondre Stevenson RB - NE,22.80,Rachaad White RB - TB,4.30,Tennessee Titans DEF - TEN,8.00,-,0.00,197.58,LosSausages,136.70
ShamH,3,Patrick Mahomes QB - KC,23.76,Saquon Barkley RB - PHI,19.30,Tony Pollard RB - TEN,8.00,Saquon Barkley RB - PHI,19.30,Tony Pollard RB - TEN,8.00,Tyreek Hill WR - MIA,10.30,Christian Watson WR - GB,4.90,Tyreek Hill WR - MIA,10.30,Christian Watson WR - GB,4.90,Travis Kelce TE - KC,11.30,-,0.00,Cameron Dicker K - LAC,8.00,Baltimore Ravens DEF - BAL,8.00,Amari Cooper WR,7.20,Mike Williams WR,7.60,Dallas Goedert TE - PHI,6.70,Tyler Allgeier RB - ATL,11.70,Garrett Wilson WR - NYJ,1.00,Cleveland Browns DEF - CLE,3.00,Dallas Cowboys DEF - DAL,7.00,155.76,Jottage,192.90
Jottage,1,Justin Herbert QB - LAC,5.50,Nick Chubb RB - HOU,10.20,Rhamondre Stevenson RB - NE,1.30,Nick Chubb RB - HOU,10.20,Rhamondre Stevenson RB - NE,1.30,Justin Jefferson WR - MIN,19.30,CeeDee Lamb WR - DAL,24.00,Justin Jefferson WR - MIN,19.30,CeeDee Lamb WR - DAL,24.00,George Kittle TE - SF,24.00,-,0.00,Brett Maher K,19.20,Tampa Bay Buccaneers DEF - TB,8.00,DJ Moore WR - CHI,15.10,A.J. Brown WR - PHI,10.30,Devin Singletary RB - NYG,18.50,Tua Tagovailoa QB - MIA,10.40,Rachaad White RB - TB,11.30,Tennessee Titans DEF - TEN,4.00,-,0.00,192.90,ShamH,155.76
kesso,6,Joe Burrow QB - CIN,23.50,Aaron Jones RB - MIN,3.40,Jerick McKinnon RB,9.80,Aaron Jones RB - MIN,3.40,Jerick McKinnon RB,9.80,Amon-Ra St. Brown WR - DET,7.60,DeVonta Smith WR - PHI,23.30,Amon-Ra St. Brown WR - DET,7.60,DeVonta Smith WR - PHI,23.30,Gerald Everett TE,0.00,-,0.00,Brandon McManus K - GB,10.30,Cincinnati Bengals DEF - CIN,10.00,Kenyan Drake RB,0.00,Tyler Higbee TE - LAR,21.40,Allen Lazard WR - NYJ,6.10,Jonathan Taylor RB - IND,0.00,Michael Pittman WR - IND,3.90,Brian Robinson RB - SF,5.80,-,0.00,135.50,Juschka,89.98
Juschka,7,Josh Allen QB - BUF,22.98,Najee Harris RB - LAC,9.50,Josh Jacobs RB - GB,5.00,Najee Harris RB - LAC,9.50,Josh Jacobs RB - GB,5.00,Ja'Marr Chase WR - CIN,5.90,Mike Evans WR - TB,2.90,Ja'Marr Chase WR - CIN,5.90,Mike Evans WR - TB,2.90,David Njoku TE - CLE,1.40,-,0.00,Nick Folk K - NYJ,0.00,Minnesota Vikings DEF - MIN,7.00,Cordarrelle Patterson RB,3.10,Gus Edwards RB,9.90,Jeff Wilson RB - MIA,10.00,David Montgomery RB - DET,6.40,Cole Kmet TE - CHI,2.70,Van Jefferson WR - TEN,1.90,-,0.00,89.98,kesso,135.50
SimonFuhr237,5,Trevor Lawrence QB - JAX,18.26,Derrick Henry RB - BAL,16.60,Kenneth Walker RB - SEA,10.50,Derrick Henry RB - BAL,16.60,Kenneth Walker RB - SEA,10.50,Stefon Diggs WR - NE,2.60,Tee Higgins WR - CIN,18.80,Stefon Diggs WR - NE,2.60,Tee Higgins WR - CIN,18.80,Mark Andrews TE - BAL,4.50,-,0.00,Daniel Carlson K - LV,5.00,Buffalo Bills DEF - BUF,10.00,Tyler Lockett WR - TEN,0.00,Dak Prescott QB - DAL,27.98,Michael Gallup WR,9.60,Kyler Murray QB - ARI,0.00,D'Andre Swift RB - CHI,2.50,Zack Moss RB,7.00,-,0.00,139.34,lancemourdock,160.14
lancemourdock,2,Tom Brady QB,11.34,Jamaal Williams RB,1.40,Raheem Mostert RB - LV,2.90,Jamaal Williams RB,1.40,Raheem Mostert RB - LV,2.90,DeAndre Hopkins WR - BAL,0.40,Jaylen Waddle WR - MIA,20.30,DeAndre Hopkins WR - BAL,0.40,Jaylen Waddle WR - MIA,20.30,T.J. Hockenson TE - MIN,22.90,-,0.00,Wil Lutz K - DEN,5.00,Philadelphia Eagles DEF - PHI,10.00,Geno Smith QB - LV,12.20,Leonard Fournette RB,16.20,Kareem Hunt RB - KC,2.20,Christian Kirk WR - HOU,2.60,Terry McLaurin WR - WAS,13.70,Cam Akers RB - MIN,32.70,-,0.00,160.14,SimonFuhr237,139.34
LosSausages,4,Kirk Cousins QB - ATL,24.16,Alvin Kamara RB - NO,17.00,A.J. Dillon RB - PHI,10.80,Alvin Kamara RB - NO,17.00,A.J. Dillon RB - PHI,10.80,JuJu Smith-Schuster WR - KC,2.70,Davante Adams WR - LAR,1.50,JuJu Smith-Schuster WR - KC,2.70,Davante Adams WR - LAR,1.50,Dalton Schultz TE - HOU,4.30,-,0.00,Justin Tucker K,9.00,San Francisco 49ers DEF - SF,7.00,Ezekiel Elliott RB,12.10,D'Onta Foreman RB,22.50,Lamar Jackson QB - BAL,0.00,Brandon Aiyuk WR - SF,8.10,J.K. Dobbins RB - DEN,5.90,Isiah Pacheco RB - KC,9.00,-,0.00,153.96,theBIGLebronski,89.66
theBIGLebronski,8,Justin Fields QB - NYJ,9.86,Miles Sanders RB - DAL,5.10,Dalvin Cook RB,7.70,Miles Sanders RB - DAL,5.10,Dalvin Cook RB,7.70,Jerry Jeudy WR - CLE,11.70,DK Metcalf WR - PIT,8.10,Jerry Jeudy WR - CLE,11.70,DK Metcalf WR - PIT,8.10,Darren Waller TE - MIA,5.80,-,0.00,Harrison Butker K - KC,7.70,Denver Broncos DEF - DEN,-4.00,Adam Thielen WR - MIN,0.60,Deebo Samuel WR - WAS,0.00,Jalen Hurts QB - PHI,0.00,Gabe Davis WR - BUF,8.50,Travis Etienne RB - JAX,11.20,Pat Freiermuth TE - PIT,6.60,-,0.00,89.66,LosSausages,153.96
ShamH,3,Patrick Mahomes QB - KC,24.52,Saquon Barkley RB - PHI,5.30,Tony Pollard RB - TEN,0.00,Saquon Barkley RB - PHI,5.30,Tony Pollard RB - TEN,0.00,Tyreek Hill WR - MIA,11.70,Christian Watson WR - GB,1.10,Tyreek Hill WR - MIA,11.70,Christian Watson WR - GB,1.10,Travis Kelce TE - KC,4.30,-,0.00,Cameron Dicker K - LAC,8.00,Baltimore Ravens DEF - BAL,3.00,Amari Cooper WR,22.50,Mike Williams WR,9.40,Dallas Goedert TE - PHI,4.50,Tyler Allgeier RB - ATL,15.50,Cleveland Browns DEF - CLE,13.00,Dallas Cowboys DEF - DAL,10.00,-,0.00,143.82,-,-
kesso,6,Joe Burrow QB - CIN,6.28,Aaron Jones RB - MIN,11.30,Jerick McKinnon RB,17.60,Aaron Jones RB - MIN,11.30,Jerick McKinnon RB,17.60,Amon-Ra St. Brown WR - DET,6.20,DeVonta Smith WR - PHI,11.50,Amon-Ra St. Brown WR - DET,6.20,DeVonta Smith WR - PHI,11.50,Gerald Everett TE,7.50,-,0.00,Brandon McManus K - GB,7.90,Cincinnati Bengals DEF - CIN,7.00,Kenyan Drake RB,0.00,Tyler Higbee TE - LAR,1.10,Allen Lazard WR - NYJ,5.90,Jonathan Taylor RB - IND,0.00,Michael Pittman WR - IND,10.10,Brian Robinson RB - SF,8.70,-,0.00,107.88,-,-
SimonFuhr237,7,Trevor Lawrence QB - JAX,4.48,Derrick Henry RB - BAL,0.00,Kenneth Walker RB - SEA,14.20,Derrick Henry RB - BAL,0.00,Kenneth Walker RB - SEA,14.20,Stefon Diggs WR - NE,2.60,Tee Higgins WR - CIN,1.30,Stefon Diggs WR - NE,2.60,Tee Higgins WR - CIN,1.30,Mark Andrews TE - BAL,10.00,-,0.00,Daniel Carlson K - LV,12.70,Buffalo Bills DEF - BUF,4.00,Tyler Lockett WR - TEN,1.50,Dak Prescott QB - DAL,14.38,Michael Gallup WR,3.90,Kyler Murray QB - ARI,0.00,D'Andre Swift RB - CHI,23.70,Zack Moss RB,7.40,-,0.00,107.36,-,-
LosSausages,1,Kirk Cousins QB - ATL,7.90,Alvin Kamara RB - NO,8.00,A.J. Dillon RB - PHI,10.10,Alvin Kamara RB - NO,8.00,A.J. Dillon RB - PHI,10.10,JuJu Smith-Schuster WR - KC,2.10,Davante Adams WR - LAR,27.30,JuJu Smith-Schuster WR - KC,2.10,Davante Adams WR - LAR,27.30,Dalton Schultz TE - HOU,17.60,-,0.00,Justin Tucker K,9.10,San Francisco 49ers DEF - SF,3.00,Ezekiel Elliott RB,9.70,D'Onta Foreman RB,3.50,Lamar Jackson QB - BAL,0.00,Brandon Aiyuk WR - SF,17.70,J.K. Dobbins RB - DEN,9.30,Isiah Pacheco RB - KC,10.90,-,0.00,164.30,-,-
theBIGLebronski,8,Justin Fields QB - NYJ,16.20,Miles Sanders RB - DAL,6.10,Dalvin Cook RB,4.40,Miles Sanders RB - DAL,6.10,Dalvin Cook RB,4.40,Jerry Jeudy WR - CLE,3.80,DK Metcalf WR - PIT,0.30,Jerry Jeudy WR - CLE,3.80,DK Metcalf WR - PIT,0.30,Darren Waller TE - MIA,13.20,-,0.00,Harrison Butker K - KC,3.00,Denver Broncos DEF - DEN,4.00,Adam Thielen WR - MIN,1.60,Deebo Samuel WR - WAS,0.00,Jalen Hurts QB - PHI,0.00,Gabe Davis WR - BUF,0.00,Travis Etienne RB - JAX,20.00,Pat Freiermuth TE - PIT,3.60,-,0.00,77.40,-,-
Jottage,4,Justin Herbert QB - LAC,16.68,Nick Chubb RB - HOU,11.60,Rhamondre Stevenson RB - NE,5.10,Nick Chubb RB - HOU,11.60,Rhamondre Stevenson RB - NE,5.10,Justin Jefferson WR - MIN,1.50,CeeDee Lamb WR - DAL,10.00,Justin Jefferson WR - MIN,1.50,CeeDee Lamb WR - DAL,10.00,George Kittle TE - SF,8.30,-,0.00,Brett Maher K,11.10,Tampa Bay Buccaneers DEF - TB,8.00,DJ Moore WR - CHI,17.70,A.J. Brown WR - PHI,15.70,Devin Singletary RB - NYG,0.30,Tua Tagovailoa QB - MIA,0.00,Rachaad White RB - TB,4.80,Tennessee Titans DEF - TEN,7.00,-,0.00,143.08,-,-
Juschka,5,Josh Allen QB - BUF,2.72,Najee Harris RB - LAC,18.30,Josh Jacobs RB - GB,15.50,Najee Harris RB - LAC,18.30,Josh Jacobs RB - GB,15.50,Ja'Marr Chase WR - CIN,0.00,Mike Evans WR - TB,38.70,Ja'Marr Chase WR - CIN,0.00,Mike Evans WR - TB,38.70,David Njoku TE - CLE,2.10,-,0.00,Nick Folk K - NYJ,6.90,Minnesota Vikings DEF - MIN,-3.00,Cordarrelle Patterson RB,14.40,Gus Edwards RB,0.20,Jeff Wilson RB - MIA,7.60,David Montgomery RB - DET,3.60,Cole Kmet TE - CHI,8.70,Van Jefferson WR - TEN,7.70,-,0.00,127.82,-,-
lancemourdock,2,Tom Brady QB,37.68,Jamaal Williams RB,21.70,Raheem Mostert RB - LV,15.10,Jamaal Williams RB,21.70,Raheem Mostert RB - LV,15.10,DeAndre Hopkins WR - BAL,0.00,Jaylen Waddle WR - MIA,5.20,DeAndre Hopkins WR - BAL,0.00,Jaylen Waddle WR - MIA,5.20,T.J. Hockenson TE - MIN,5.90,-,0.00,Wil Lutz K - DEN,10.40,Philadelphia Eagles DEF - PHI,10.00,Geno Smith QB - LV,17.12,Leonard Fournette RB,4.70,Kareem Hunt RB - KC,-0.10,Christian Kirk WR - HOU,2.10,Terry McLaurin WR - WAS,3.70,Cam Akers RB - MIN,13.30,-,0.00,158.80,-,-
ShamH,7,Patrick Mahomes QB - KC,14.98,Saquon Barkley RB - PHI,0.00,Tony Pollard RB - TEN,1.90,Saquon Barkley RB - PHI,0.00,Tony Pollard RB - TEN,1.90,Tyreek Hill WR - MIA,2.30,Christian Watson WR - GB,11.60,Tyreek Hill WR - MIA,2.30,Christian Watson WR - GB,11.60,Travis Kelce TE - KC,3.80,-,0.00,Cameron Dicker K - LAC,10.40,Baltimore Ravens DEF - BAL,4.00,Amari Cooper WR,5.10,Mike Williams WR,3.20,Dallas Goedert TE - PHI,4.60,Tyler Allgeier RB - ATL,13.50,Cleveland Browns DEF - CLE,2.00,Dallas Cowboys DEF - DAL,6.00,-,0.00,83.38,-,-
kesso,2,Joe Burrow QB - CIN,11.60,Aaron Jones RB - MIN,4.80,Jerick McKinnon RB,6.60,Aaron Jones RB - MIN,4.80,Jerick McKinnon RB,6.60,Amon-Ra St. Brown WR - DET,4.90,DeVonta Smith WR - PHI,6.70,Amon-Ra St. Brown WR - DET,4.90,DeVonta Smith WR - PHI,6.70,Gerald Everett TE,6.80,-,0.00,Brandon McManus K - GB,7.30,Cincinnati Bengals DEF - CIN,19.00,Kenyan Drake RB,13.90,Tyler Higbee TE - LAR,3.30,Allen Lazard WR - NYJ,10.10,Jonathan Taylor RB - IND,0.00,Michael Pittman WR - IND,9.00,Brian Robinson RB - SF,0.00,-,0.00,126.20,-,-
SimonFuhr237,1,Trevor Lawrence QB - JAX,10.18,Derrick Henry RB - BAL,12.80,Kenneth Walker RB - SEA,12.40,Derrick Henry RB - BAL,12.80,Kenneth Walker RB - SEA,12.40,Stefon Diggs WR - NE,16.40,Tee Higgins WR - CIN,0.70,Stefon Diggs WR - NE,16.40,Tee Higgins WR - CIN,0.70,Mark Andrews TE - BAL,0.00,-,0.00,Daniel Carlson K - LV,10.20,Buffalo Bills DEF - BUF,19.00,Tyler Lockett WR - TEN,11.40,Dak Prescott QB - DAL,8.72,Michael Gallup WR,1.00,Kyler Murray QB - ARI,0.00,D'Andre Swift RB - CHI,8.60,Zack Moss RB,18.10,-,0.00,147.30,-,-
LosSausages,6,Kirk Cousins QB - ATL,13.00,Alvin Kamara RB - NO,11.00,A.J. Dillon RB - PHI,3.30,Alvin Kamara RB - NO,11.00,A.J. Dillon RB - PHI,3.30,JuJu Smith-Schuster WR - KC,3.50,Davante Adams WR - LAR,7.30,JuJu Smith-Schuster WR - KC,3.50,Davante Adams WR - LAR,7.30,Dalton Schultz TE - HOU,3.30,-,0.00,Justin Tucker K,12.10,San Francisco 49ers DEF - SF,15.00,Ezekiel Elliott RB,1.00,D'Onta Foreman RB,6.80,Lamar Jackson QB - BAL,0.00,Brandon Aiyuk WR - SF,5.90,J.K. Dobbins RB - DEN,0.00,Isiah Pacheco RB - KC,12.40,-,0.00,99.60,-,-
theBIGLebronski,8,Justin Fields QB - NYJ,0.00,Miles Sanders RB - DAL,3.30,Dalvin Cook RB,1.70,Miles Sanders RB - DAL,3.30,Dalvin Cook RB,1.70,Jerry Jeudy WR - CLE,19.30,DK Metcalf WR - PIT,4.00,Jerry Jeudy WR - CLE,19.30,DK Metcalf WR - PIT,4.00,Darren Waller TE - MIA,3.50,-,0.00,Harrison Butker K - KC,8.40,Denver Broncos DEF - DEN,4.00,Adam Thielen WR - MIN,7.20,Deebo Samuel WR - WAS,2.40,Jalen Hurts QB - PHI,8.46,Gabe Davis WR - BUF,3.90,Travis Etienne RB - JAX,3.40,Pat Freiermuth TE - PIT,0.00,-,0.00,82.36,-,-
Jottage,4,Justin Herbert QB - LAC,18.82,Nick Chubb RB - HOU,18.20,Rhamondre Stevenson RB - NE,8.20,Nick Chubb RB - HOU,18.20,Rhamondre Stevenson RB - NE,8.20,Justin Jefferson WR - MIN,3.80,CeeDee Lamb WR - DAL,11.20,Justin Jefferson WR - MIN,3.80,CeeDee Lamb WR - DAL,11.20,George Kittle TE - SF,14.90,-,0.00,Brett Maher K,0.00,Tampa Bay Buccaneers DEF - TB,2.00,DJ Moore WR - CHI,1.00,A.J. Brown WR - PHI,9.50,Devin Singletary RB - NYG,1.20,Tua Tagovailoa QB - MIA,0.00,Rachaad White RB - TB,1.50,Tennessee Titans DEF - TEN,4.00,-,0.00,108.22,-,-
Juschka,3,Josh Allen QB - BUF,21.76,Najee Harris RB - LAC,13.40,Josh Jacobs RB - GB,5.00,Najee Harris RB - LAC,13.40,Josh Jacobs RB - GB,5.00,Ja'Marr Chase WR - CIN,14.60,Mike Evans WR - TB,0.00,Ja'Marr Chase WR - CIN,14.60,Mike Evans WR - TB,0.00,David Njoku TE - CLE,10.20,-,0.00,Nick Folk K - NYJ,5.00,Minnesota Vikings DEF - MIN,9.00,Cordarrelle Patterson RB,7.90,Gus Edwards RB,1.60,Jeff Wilson RB - MIA,7.40,David Montgomery RB - DET,2.10,Cole Kmet TE - CHI,11.70,Van Jefferson WR - TEN,6.10,-,0.00,117.96,-,-
lancemourdock,5,Tom Brady QB,7.36,Jamaal Williams RB,19.20,Raheem Mostert RB - LV,6.10,Jamaal Williams RB,19.20,Raheem Mostert RB - LV,6.10,DeAndre Hopkins WR - BAL,0.00,Jaylen Waddle WR - MIA,5.30,DeAndre Hopkins WR - BAL,0.00,Jaylen Waddle WR - MIA,5.30,T.J. Hockenson TE - MIN,1.60,-,0.00,Wil Lutz K - DEN,1.00,Philadelphia Eagles DEF - PHI,3.00,Geno Smith QB - LV,13.62,Leonard Fournette RB,0.40,Kareem Hunt RB - KC,2.80,Christian Kirk WR - HOU,15.90,Terry McLaurin WR - WAS,13.40,Cam Akers RB - MIN,12.80,-,0.00,105.98,-,-
